apellido,pnombre,snombre
Betolaza,"SolarEdge Technologies, Inc.",Gemma
Paunero,"SolarEdge Technologies, Inc.",Marta
Ortiz,Azul S.A.,Raul
Tricio,Azul S.A.,Elena
Pisabarro,Azul S.A.,Rosario
Parra,Azul S.A.,Cristobal
Bernal,Franke,Ahmed
Nodal,Franke,Amelia
Salguero,Franke,Ibon
Mata,AdvisorShares Market Adaptive Unconstrained Income ETF,Luis Angel
Rodellar,AdvisorShares Market Adaptive Unconstrained Income ETF,Alba Maria
Gordillo,AdvisorShares Market Adaptive Unconstrained Income ETF,Eleuterio
Jaramago,AdvisorShares Market Adaptive Unconstrained Income ETF,Luisa
Mejias,AdvisorShares Market Adaptive Unconstrained Income ETF,Placido
Salazar,Kilroy Realty Corporation,Victoriano
Mecinas,Kilroy Realty Corporation,Aicha
Coego,Kilroy Realty Corporation,Amina
Macias,Kilroy Realty Corporation,Carmelo
Luque,Anheuser-Busch Inbev SA,Pedro Jose
El Hayani,Anheuser-Busch Inbev SA,Ana Belen
Rubio,Anheuser-Busch Inbev SA,Adrian
Contijoch,Anheuser-Busch Inbev SA,Khadija
Escribano,Anheuser-Busch Inbev SA,Luis Antonio
Hammouch,Clifton Bancorp Inc.,Maria Guadalupe
Guerra,Clifton Bancorp Inc.,Pascual
De Frias,Clifton Bancorp Inc.,Saturnina
Luque,Clifton Bancorp Inc.,Pedro Jose
Galvan,San Gerónimo,Norberto
Nieto,San Gerónimo,Gonzalo
Bures,San Gerónimo,Maria Purificacion
Mendoza,San Gerónimo,Abel
Ballester,Elenita,Narciso
Chahlal,Elenita,Magdalena
Aomar,Elenita,Petra
Villa,Elenita,Jairo
Bermudez,Catamutún,Jacinto
Lizundia,Catamutún,Lorenza
Clemente,Catamutún,Juan Dios
Linares,United States Cellular Corporation,Ali
Paredes,United States Cellular Corporation,Juan Bautista
Tarrats,United States Cellular Corporation,Maria Blanca
Sole,United States Cellular Corporation,Hamid
Amezua,San José,Maria Jesus
Carvajal,San José,Luis Francisco
Martin,San José,Jesus
Mejias,Isla Guarello,Placido
Castellano,Isla Guarello,Francisco Miguel
Mallor,Isla Guarello,Maria Juana
Da Silva,Isla Guarello,Nestor
Rey,Las Arenitas,Lucas
Justes,Las Arenitas,Maria Josefa
Izquierdo,Las Arenitas,Arturo
Reinado,Las Arenitas,Jessica
Marques,Las Arenitas,Josue
Quintana,Park-Ohio Holdings Corp.,Pere
Gil Ortega,Park-Ohio Holdings Corp.,Benedicta
Cabezas,Park-Ohio Holdings Corp.,Lucio
Amaya,Park-Ohio Holdings Corp.,Maximiliano
Juan,The Community Financial Corporation,Izan
Veredas,The Community Financial Corporation,Elvira
Blanco,"National American University Holdings, Inc.",Juan Jose
Rosino,"National American University Holdings, Inc.",Rosa
Espinosa,"National American University Holdings, Inc.",Alex
Valmaña,"National American University Holdings, Inc.",Jenifer
Campos,"National American University Holdings, Inc.",Guillermo
Coll,Garrison Capital Inc.,Mauricio
Matache,Garrison Capital Inc.,Maria Alicia
Duque,Garrison Capital Inc.,Rosendo
Mahedero,Garrison Capital Inc.,Maria Mercedes
Tena,Array BioPharma Inc.,Augusto
Corchon,Array BioPharma Inc.,Florencia
Bures,Array BioPharma Inc.,Maria Purificacion
Juarez,Array BioPharma Inc.,Robert
Juan,Unisys Corporation,Izan
Miteva,Unisys Corporation,Maria Cruz
Robles,Unisys Corporation,Juan Pedro
Escarra,Unisys Corporation,Beatriz
Silva,Unisys Corporation,Jose Javier
Bello,PureFunds ETFx HealthTech ETF,Stefan
Fontanillo,PureFunds ETFx HealthTech ETF,Benita
Ferguson,PureFunds ETFx HealthTech ETF,Maria Sonia
Sainz,"Dynex Capital, Inc.",Jose Rafael
Rivas,"Dynex Capital, Inc.",Valentin
Tayebi,Walter Investment Management Corp.,Maria Magdalena
Piñero,Walter Investment Management Corp.,Jose Eduardo
Gabirondo,Walter Investment Management Corp.,Helena
Miranda,Walter Investment Management Corp.,Marcelino
Garrido,"Avon Products, Inc.",Juan Manuel
Gil,"Avon Products, Inc.",Jorge
Robles,"Clear Channel Outdoor Holdings, Inc.",Juan Pedro
Liriano,"Clear Channel Outdoor Holdings, Inc.",Amaya
Gosende,"Clear Channel Outdoor Holdings, Inc.",Belen
Pino,"Clear Channel Outdoor Holdings, Inc.",Roberto Carlos
Espinosa,EQT Corporation,Alex
Noain,EQT Corporation,Irina
Araujo,EQT Corporation,Abelardo
Singla,EQT Corporation,Felisa
Suarez,EQT Corporation,Ramon
Aparicio,SQM - Mapocho,Eloy
Amezua,SQM - Mapocho,Maria Jesus
Pazos,SQM - Mapocho,Pelayo
Pica,SQM - Mapocho,Edurne
Pascual,SQM - Mapocho,Mariano
Estevez,Las Cenizas,Jose Alberto
Rina,Las Cenizas,Maria Dolors
Aragon,Las Cenizas,Alexandre
Montala,Las Cenizas,Maria Rosa
Arias,Las Cenizas,Cesar
Fabero,"Sportsman's Warehouse Holdings, Inc.",Isidora
Saez,"Sportsman's Warehouse Holdings, Inc.",Luis Miguel
Anderez,"Sportsman's Warehouse Holdings, Inc.",Maria Almudena
Izquierdo,"Sportsman's Warehouse Holdings, Inc.",Arturo
Blanco,"Xenia Hotels & Resorts, Inc.",Juan Jose
Tena,"Xenia Hotels & Resorts, Inc.",Augusto
Recouso,"Xenia Hotels & Resorts, Inc.",Consolacion
Puig,"Xenia Hotels & Resorts, Inc.",Fidel
Trujillo,Lions Gate Entertainment Corporation,Angel Luis
Carabaño,Lions Gate Entertainment Corporation,Natividad
Leon,Lions Gate Entertainment Corporation,Emilio
Lavara,Lions Gate Entertainment Corporation,Angustias
Garrido,Lions Gate Entertainment Corporation,Juan Manuel
Reula,Inacesa - El Jilguero,Maria Laura
Ballesteros,Inacesa - El Jilguero,Luis Fernando
Miguel,Inacesa - El Jilguero,Pedro Antonio
Belmonte,Don Alberto,Michael
Cavadas,Don Alberto,Raquel
Camacho,Don Alberto,German
Anguix,Don Alberto,Maria Amparo
Vila,Don Alberto,Bernardo
Hervas,Michilla,Luis Eduardo
Izal,Michilla,Rosalia
Espinosa,Michilla,Alex
Ganzo,Michilla,Joana
Niculescu,Marine Petroleum Trust,Maria Antonia
Chaves,Marine Petroleum Trust,Jose Jesus
Puges,Marine Petroleum Trust,Elsa
Cuesta,Marine Petroleum Trust,Arnau
Domenech,Tuina,Andreu
Dobrev,Tuina,Silvia
Lago,Tuina,Andoni
Salcedo,Tuina,Carlos Antonio
Schulze,Intracampos,Candida
Soto,Intracampos,Hector
Akhrif,Intracampos,Maria Cinta
Estevez,Westpac Banking Corporation,Jose Alberto
Segovia,Westpac Banking Corporation,Maximino
Casatejada,Westpac Banking Corporation,Georgina
Herranz,Westpac Banking Corporation,Jesus Antonio
Palma,"Silicon Laboratories, Inc.",Joseba
Maresma,"Silicon Laboratories, Inc.",Maria Soledad
Bueno,"Silicon Laboratories, Inc.",Federico
Baumann,"Silicon Laboratories, Inc.",Patricia
Collado,"Silicon Laboratories, Inc.",Enric
Zapata,E*TRADE Financial Corporation,Erik
Galindo,E*TRADE Financial Corporation,Luciano
Dobra,E*TRADE Financial Corporation,Carlota
Ferrero,E*TRADE Financial Corporation,Juan Gabriel
Molina,Toll Brothers Inc.,Enrique
Bonet,Toll Brothers Inc.,Jose Tomas
Miraz,Toll Brothers Inc.,Maria Angela
Guerrero,Toll Brothers Inc.,Jaime
Olmo,CMP - Boquerón Chañar,Isaias
Noain,CMP - Boquerón Chañar,Irina
Hidalgo,Peckett,Cristian
Amador,Peckett,Paulino
Mariñelarena,Peckett,Maria Julia
Gallego,SL Green Realty Corporation,Mario
Eriksson,SL Green Realty Corporation,Micaela
Santamaria,SL Green Realty Corporation,Dario
Gallent,SL Green Realty Corporation,Gema
Robles,SL Green Realty Corporation,Juan Pedro
Moyano,"Chunghwa Telecom Co., Ltd.",Ayoub
Galvan,"Chunghwa Telecom Co., Ltd.",Norberto
Alba,"Forterra, Inc.",Abraham
Quilumba,"Forterra, Inc.",Rita
Ferreira,"Forterra, Inc.",Hassan
Corado,"Forterra, Inc.",Maria Eugenia
Simon,Refugio,Juan Ignacio
Lires,Refugio,Myriam
Castilla,Refugio,Ricard
Castañar,Refugio,Martina
Mollo,"China Lodging Group, Limited",Salud
Espinosa,"China Lodging Group, Limited",Alex
Segovia,"China Lodging Group, Limited",Maximino
Mateo,"International Seaways, Inc.",Antonio Manuel
Serral,"International Seaways, Inc.",Josefina
Sainz,"International Seaways, Inc.",Jose Rafael
Velez,"International Seaways, Inc.",Abdelaziz
Grau,"Financial Engines, Inc.",Florin
Casto,"Financial Engines, Inc.",Nicolasa
Campos,"Financial Engines, Inc.",Guillermo
Boutahar,"Financial Engines, Inc.",Maria Beatriz
Chelaru,Nuveen Connecticut Quality Municipal Income Fund,Maria Mar
Sellers,Nuveen Connecticut Quality Municipal Income Fund,Lola
Andreu,Nuveen Connecticut Quality Municipal Income Fund,Constantin
Rosales,La Coipa,Ignasi
Corchon,La Coipa,Florencia
Tayebi,La Coipa,Maria Magdalena
Aguilar,La Coipa,Marc
Llorens,Dorado,Inocencio
Pozon,Dorado,Estibaliz
Garzon,Dorado,Aziz
Matache,Dorado,Maria Alicia
Pino,Mackinac Financial Corporation,Roberto Carlos
Akhrif,Mackinac Financial Corporation,Maria Cinta
Asensio,Mackinac Financial Corporation,Jose Andres
Oyanguren,Mackinac Financial Corporation,Dolores
Saiz,Mackinac Financial Corporation,Saul
Pardo,"Cogentix Medical, Inc.",Iker
Escudero,"Cogentix Medical, Inc.",Israel
Tortella,Cerro Colorado,Laia
Martos,Cerro Colorado,Gorka
Gil De Gomez,Cerro Colorado,Emiliana
Garzon,Dynatronics Corporation,Aziz
Del Jesus,Dynatronics Corporation,Joaquina
Campos,Dynatronics Corporation,Guillermo
Reines,Dynatronics Corporation,Eusebia
Lorenzo,Dynatronics Corporation,Josep
Haddu,R.R. Donnelley & Sons Company,Maria Paloma
Chaos,R.R. Donnelley & Sons Company,Esther
Soto,R.R. Donnelley & Sons Company,Hector
Portillo,Trongol,Francisco Asis
Toledo,Trongol,Antonio Javier
Chaos,Trongol,Esther
Valverde,"FTI Consulting, Inc.",Armando
Mesbahi,"FTI Consulting, Inc.",Coral
De Jong,"FTI Consulting, Inc.",Ane
Sanchis,"FTI Consulting, Inc.",Cecilio
Bosch,Inacesa - El Way,Laureano
Salas,Inacesa - El Way,Benjamin
Dorobantu,Inacesa - El Way,Paulina
Rivas,Inacesa - El Way,Valentin
Granados,"RiverNorth Opportunities Fund, Inc.",Eulogio
Coruña,"RiverNorth Opportunities Fund, Inc.",Erica
Carballo,"RiverNorth Opportunities Fund, Inc.",Nicolae
Serrano,"RiverNorth Opportunities Fund, Inc.",Juan Carlos
Aguilar,AmerisourceBergen Corporation (Holding Co),Marc
Cervera,AmerisourceBergen Corporation (Holding Co),Aritz
Abad,AmerisourceBergen Corporation (Holding Co),Omar
Cantero,"Evolving Systems, Inc.",Imanol
Mallor,"Evolving Systems, Inc.",Maria Juana
Inguanzo,"Evolving Systems, Inc.",Maria Gloria
Vicente,"Evolving Systems, Inc.",Felipe
Rubio,"UMH Properties, Inc.",Adrian
Navas,"UMH Properties, Inc.",Ramiro
Relloso,"UMH Properties, Inc.",Alfonsa
Medina,"UMH Properties, Inc.",Ruben
Benitez,Arenal,Samuel
Nodal,Arenal,Amelia
Rey,Arenal,Lucas
De La Huerga,Suncor EnergyInc.,Maria Valle
Mitu,Suncor EnergyInc.,Rafaela
Bautista,Suncor EnergyInc.,Alexander
Ariza,Elkhorn Commodity Rotation Strategy ETF,Fabio
Paniagua,Elkhorn Commodity Rotation Strategy ETF,Noel
Gordillo,La Patagua,Eleuterio
Yuan,La Patagua,Maria Araceli
Carabaño,La Patagua,Natividad
Quintana,Terreno Realty Corporation,Pere
Dorobantu,Terreno Realty Corporation,Paulina
Bahri,Terreno Realty Corporation,Maria Encarnacion
Mateo,Terreno Realty Corporation,Antonio Manuel
Diaz,"CenterPoint Energy, Inc.",Miguel
Anguix,"CenterPoint Energy, Inc.",Maria Amparo
Correa,"CenterPoint Energy, Inc.",Ezequiel
Macipe,"CenterPoint Energy, Inc.",Cristina
Guzman,"CenterPoint Energy, Inc.",Carles
Rivas,Enel Generacion Chile S.A.,Valentin
Herrmann,Enel Generacion Chile S.A.,Irene
Ortega,Enel Generacion Chile S.A.,Juan Antonio
Hungria,Enel Generacion Chile S.A.,Sagrario
Alcantara,Enel Generacion Chile S.A.,Ian
Pardo,"Edge Therapeutics, Inc.",Iker
Buide,"Edge Therapeutics, Inc.",Feliciana
Cuevas,"Edge Therapeutics, Inc.",Ander
Lup,"Edge Therapeutics, Inc.",Maria Trinidad
Latorre,"Edge Therapeutics, Inc.",Amadeo
Foguet,"Under Armour, Inc.",Aurelia
Puig,"Under Armour, Inc.",Fidel
Pozon,El Volcán,Estibaliz
Cuesta,El Volcán,Arnau
Silio,El Volcán,Maria Nuria
Pujol,El Volcán,Anselmo
Rubio,El Soldado,Adrian
Avellana,El Soldado,Maria Concepcion
Bautista,KT Corporation,Alexander
Garcete,KT Corporation,Adelaida
Falcon,KT Corporation,Celso
Valmaña,KT Corporation,Jenifer
Barrio,KT Corporation,Hamza
Rebollo,ACF - Lagunas,John
Esteruelas,ACF - Lagunas,Sandra Maria
Poveda,ACF - Lagunas,Jose Emilio
Golderos,ACF - Lagunas,Carla
Santos,ACF - Lagunas,Santiago
De La Fuente,"First Hawaiian, Inc.",Kevin
Gegundez,"First Hawaiian, Inc.",Emma
Matanza,"First Hawaiian, Inc.",Diana
Guillen,"First Hawaiian, Inc.",Francesc
Alfaro,Randgold Resources Limited,Yago
Benimeli,Randgold Resources Limited,Soledad
Bartomeu,Randgold Resources Limited,Ana Maria
Santos,Randgold Resources Limited,Santiago
Acuyo,III de Atacama Minerals - Aguas Blancas,Milagros
Garzon,III de Atacama Minerals - Aguas Blancas,Aziz
Mejias,Urstadt Biddle Properties Inc.,Placido
Saad,Urstadt Biddle Properties Inc.,Lorena
Zahino,Urstadt Biddle Properties Inc.,Herminia
Franco,Urstadt Biddle Properties Inc.,Antonio Jose
Lago,Chimberos,Andoni
Aomar,Chimberos,Petra
Puges,"JA Solar Holdings, Co., Ltd.",Elsa
Valles,"JA Solar Holdings, Co., Ltd.",Vicent
Lires,"JA Solar Holdings, Co., Ltd.",Myriam
Mateos,"JA Solar Holdings, Co., Ltd.",Bartolome
Piñero,CMP - Algarrobo,Jose Eduardo
Villasuso,CMP - Algarrobo,Maria Fernanda
Morales,CMP - Algarrobo,Diego
Torrubiano,CMP - Algarrobo,Maria Rosario
Marrero,CMP - Algarrobo,Segundo
Valle,"Idera Pharmaceuticals, Inc.",Damian
Ayala,"Idera Pharmaceuticals, Inc.",Hilario
Blaj,"Idera Pharmaceuticals, Inc.",Regina
Agudo,"Idera Pharmaceuticals, Inc.",Ionel
Caro,Montecristo,Emilio Jose
Cidre,Montecristo,Gloria
Prieto,Montecristo,Ignacio
Tayebi,Montecristo,Maria Magdalena
Carbonell,Special Opportunities Fund Inc.,Luis Javier
Rodriguez Peral,Special Opportunities Fund Inc.,Anabel
Reina,Special Opportunities Fund Inc.,Manuel Antonio
Linacero,Special Opportunities Fund Inc.,Matilde
Soria,Special Opportunities Fund Inc.,Amador
Arranz,AGCO Corporation,Josu
Pereñiguez,AGCO Corporation,Presentacion
Tena,AGCO Corporation,Augusto
Belmonte,Lenga,Michael
Villasuso,Lenga,Maria Fernanda
Pons,Lenga,Isidoro
Carmona,Julia,Jose Angel
Saad,Julia,Lorena
Costa,Julia,Pol
Dobrev,Julia,Silvia
Menguiano,"NextEra Energy, Inc.",Lourdes
Diez,"NextEra Energy, Inc.",Jose Miguel
Caelles,"NextEra Energy, Inc.",Francisca
Tapia,"Diamond Hill Investment Group, Inc.",Octavio
Martin Delgado,"Diamond Hill Investment Group, Inc.",Aina
Bosch,"Diamond Hill Investment Group, Inc.",Laureano
Del Valle,"Diamond Hill Investment Group, Inc.",Manuel Francisco
Canes,Jazz Pharmaceuticals plc,Almudena
Pujol,Jazz Pharmaceuticals plc,Anselmo
Caballero,Jazz Pharmaceuticals plc,Mohamed
Exposito,Laguna Siren,Gerardo
Ruales,Laguna Siren,Palmira
Bartomeu,Laguna Siren,Ana Maria
Herrero,Laguna Siren,Ismael
Falcon,"Universal Stainless & Alloy Products, Inc.",Celso
Corrons,"Universal Stainless & Alloy Products, Inc.",Mariam
Lorente,"Universal Stainless & Alloy Products, Inc.",Luis Manuel
Mesbahi,"Universal Stainless & Alloy Products, Inc.",Coral
Xiao,Alhué,Ursula
Paz,Alhué,Joaquim
Rosa,Alhué,Rufino
Saiz,United Insurance Holdings Corp.,Saul
Rosino,United Insurance Holdings Corp.,Rosa
Llorens,United Insurance Holdings Corp.,Inocencio
Costa,Chuquicamata,Pol
Ould Mohamed,Chuquicamata,Azucena
Luque,Chuquicamata,Pedro Jose
Pagazaurtundua,Chuquicamata,Minerva
Hernando,Chuquicamata,Igor
Borrego,Maganeso III de Atacama,Roque
Holt,SCL Chemetall,Monica
Collado,SCL Chemetall,Enric
Nouri,SCL Chemetall,Clara
Romera,SCL Chemetall,Oier
Contreras,Galectin Therapeutics Inc.,Joel
Cerron,Galectin Therapeutics Inc.,Debora
Rivera,Galectin Therapeutics Inc.,Jesus Maria
Gonzalez,Galectin Therapeutics Inc.,Jose
Sole,Yelp Inc.,Hamid
De Luz,Yelp Inc.,Ainara
Guerra,Yelp Inc.,Pascual
Camacho,China Mobile (Hong Kong) Ltd.,German
De Jong,China Mobile (Hong Kong) Ltd.,Ane
Lucas,China Mobile (Hong Kong) Ltd.,Jesus Angel
Alba,China Mobile (Hong Kong) Ltd.,Abraham
Dorado,Pirquitas,Higinio
Truchado,Pirquitas,Elizabeth
Vergara,Collahuasi,Casimiro
Vilana,Collahuasi,Cristina Maria
Saavedra,Collahuasi,Juan Andres
Zanfir,Collahuasi,Gertrudis
Galvan,Collahuasi,Norberto
Bratos,Central Garden & Pet Company,Ascension
Casas,Central Garden & Pet Company,Jon
Corrons,Central Garden & Pet Company,Mariam
Polo,Central Garden & Pet Company,Modesto
Valero,Faride,Ernesto
Ruesgas,Faride,Maria Belen
Goiburu,Faride,Sonia
Soriano,Faride,Juan Ramon
Falcon,María Elisa,Celso
Bando,María Elisa,Luisa Maria
Cardenas,María Elisa,Manuel Jose
Noel,María Elisa,Montserrat
Guerrero,María Elisa,Jaime
Palacios,HollyFrontier Corporation,Christian
Azon,HollyFrontier Corporation,Liliana
Cardenas,HollyFrontier Corporation,Manuel Jose
Marrero,HollyFrontier Corporation,Segundo
Toledo,"Recon Technology, Ltd.",Antonio Javier
Azam,"Recon Technology, Ltd.",Basilisa
Ayuda,"Recon Technology, Ltd.",Delia
Alvarez,"Recon Technology, Ltd.",Jose Manuel
Vila,JM Global Holding Company,Bernardo
Dobra,JM Global Holding Company,Carlota
Pardo,JM Global Holding Company,Iker
Atxa,JM Global Holding Company,Violeta
Matanza,Del Fierro,Diana
Tapia,Del Fierro,Octavio
Diaz Hellin,Del Fierro,Amalia
Gil,Del Fierro,Jorge
De La Fuente,"Hub Group, Inc.",Kevin
Casafont,"Hub Group, Inc.",Jana
Trujillo,"Hub Group, Inc.",Angel Luis
Aedo,"Hub Group, Inc.",Trinidad
Mesa,"Hub Group, Inc.",Adria
Jimenez,Manantial,Francisco Javier
Peula,Manantial,Lucia
Ibañez,Manantial,Alfredo
Tsvetkov,Manantial,Flora
Bernal,Manantial,Ahmed
Pino,Credit Acceptance Corporation,Roberto Carlos
Pagazaurtundua,Credit Acceptance Corporation,Minerva
Quesada,Credit Acceptance Corporation,Gheorghe
Rostoll,Credit Acceptance Corporation,Iris
Andreu,Credit Acceptance Corporation,Constantin
Brito,Nuveen AMT-Free Municipal Value Fund,Gustavo Adolfo
Evangelio,Nuveen AMT-Free Municipal Value Fund,Rachida
Mateos,Nuveen AMT-Free Municipal Value Fund,Bartolome
Fontanillo,Nuveen AMT-Free Municipal Value Fund,Benita
Serna,Nuveen AMT-Free Municipal Value Fund,Primitivo
Mateo,"Mirna Therapeutics, Inc.",Antonio Manuel
Requena,"Mirna Therapeutics, Inc.",Basilio
Serral,"Mirna Therapeutics, Inc.",Josefina
Saenz,"Mirna Therapeutics, Inc.",Jose Pablo
Pinto,"Kura Oncology, Inc.",Marcial
Leal,"Kura Oncology, Inc.",Edgar
Chaos,"Kura Oncology, Inc.",Esther
Salazar,First Trust Senior Loan Fund ETF,Victoriano
Jaramago,First Trust Senior Loan Fund ETF,Luisa
Grado,First Trust Senior Loan Fund ETF,Antia
Campo,First Trust Senior Loan Fund ETF,Alexandru
Linares,"Ulta Beauty, Inc.",Ali
Coin,"Ulta Beauty, Inc.",Karima
Corral,"Ulta Beauty, Inc.",Leonardo
Singla,"Ulta Beauty, Inc.",Felisa
Becerra,"Ulta Beauty, Inc.",Rodolfo
Ochoa,Comcast Corporation,Brahim
Irun,Comcast Corporation,Maite
Pazos,Comcast Corporation,Pelayo
Diaz,Comcast Corporation,Miguel
Belmonte,Los Pelambres,Michael
Marty,Los Pelambres,Mihaela
Tricio,Los Pelambres,Elena
Cantero,Los Pelambres,Imanol
Sanchez Gil,Algorta,Maria Angels
Varela,Algorta,Sergi
Da Silva,Algorta,Nestor
Coll,AbbVie Inc.,Mauricio
Carballo,AbbVie Inc.,Nicolae
Reinado,AbbVie Inc.,Jessica
Alcaraz,AbbVie Inc.,Carlos Manuel
Cobo,Virco Manufacturing Corporation,Eneko
Pisabarro,Virco Manufacturing Corporation,Rosario
Peña,Virco Manufacturing Corporation,Julio
Cabau,Virco Manufacturing Corporation,Piedad
Ortega,Mantos de la Luna,Juan Antonio
Niembro,Mantos de la Luna,Nerea
Chen,Mantos de la Luna,Saturnino
Mahedero,Mantos de la Luna,Maria Mercedes
Ruiz,Mantos de la Luna,Carlos
Pla,"Fiserv, Inc.",Urbano
Pagazaurtundua,"Fiserv, Inc.",Minerva
Pino,"Fiserv, Inc.",Roberto Carlos
Acuyo,"Fiserv, Inc.",Milagros
Mesa,"Fiserv, Inc.",Adria
Lodos,Quiborax - Ascotán,Maria Desamparados
Alvarez,Quiborax - Ascotán,Jose Manuel
Ibañez,Quiborax - Ascotán,Alfredo
Vives,CMP - El Laco,Viorel
Recouso,CMP - El Laco,Consolacion
Ocaña,CMP - El Laco,Teofilo
Cubino,CMP - El Laco,Maribel
Arranz,CMP - El Laco,Josu
Lorenzo,Tata Motors Ltd,Josep
Lecanda,Tata Motors Ltd,Yolanda
Palacios,Tata Motors Ltd,Christian
Bartolome,Tata Motors Ltd,Marcos Antonio
Pinto,Eaton Vance Corporation,Marcial
Lopez,Eaton Vance Corporation,Juan
Ros,Eaton Vance Corporation,Juan Maria
Marques,Peabody Energy Corporation,Josue
Villarta,Peabody Energy Corporation,Maria Cristina
Del Rio,Peabody Energy Corporation,Bruno
Valmaña,Peabody Energy Corporation,Jenifer
Cano,Peabody Energy Corporation,Francisco Jose
Camara,Vanguard Russell 3000 ETF,Benigno
Fontanillo,Vanguard Russell 3000 ETF,Benita
Villanueva,Vanguard Russell 3000 ETF,Carlos Alberto
Casado,Voya Global Equity Dividend and Premium Opportunity Fund,Juan Miguel
Arenas,Voya Global Equity Dividend and Premium Opportunity Fund,Rogelio
Mangana,Voya Global Equity Dividend and Premium Opportunity Fund,Amanda
Hernando,First Trust International Multi-Asset Diversified Income Index,Igor
Paunero,First Trust International Multi-Asset Diversified Income Index,Marta
Crespo,First Trust International Multi-Asset Diversified Income Index,Jose Ignacio
Palomo,First Trust Nasdaq Retail ETF,Bernardino
Daras,First Trust Nasdaq Retail ETF,Tatiana
Menendez,First Trust Nasdaq Retail ETF,Mateo
Reula,First Trust Nasdaq Retail ETF,Maria Laura
Duran,Orbotech Ltd.,Jose Carlos
Amezua,Orbotech Ltd.,Maria Jesus
Juarez,Orbotech Ltd.,Robert
Paredes,Orbotech Ltd.,Juan Bautista
Chen,La Perla,Saturnino
Haddu,La Perla,Maria Paloma
Collado,La Perla,Enric
Pla,iShares MSCI EM ESG Optimized ETF,Urbano
Mangana,iShares MSCI EM ESG Optimized ETF,Amanda
Miguel,iShares MSCI EM ESG Optimized ETF,Pedro Antonio
Requena,iShares MSCI EM ESG Optimized ETF,Basilio
Alecu,PowerShares Golden Dragon China Portfolio,Margarita
Cobos,PowerShares Golden Dragon China Portfolio,Pedro Pablo
Urrutikoetxea,PowerShares Golden Dragon China Portfolio,Dionisia
Bonilla,PowerShares Golden Dragon China Portfolio,Yeray
Soto,"Texas Capital Bancshares, Inc.",Hector
Sacedo,"Texas Capital Bancshares, Inc.",Lydia
Serral,"Texas Capital Bancshares, Inc.",Josefina
Pujol,Mantos Blancos,Anselmo
Bolet,Mantos Blancos,Maria Elisa
Morillo,Mantos Blancos,Hipolito
Rodao,Mantos Blancos,Agustina
Fuentes,Mantos Blancos,Felix
Marcos,Choquelimpie,Moises
Marty,Choquelimpie,Mihaela
Caballero,Choquelimpie,Mohamed
Zapata,Choquelimpie,Erik
Ojeda,Novelion Therapeutics Inc.,Avelino
Irun,Novelion Therapeutics Inc.,Maite
Ramirez,Novelion Therapeutics Inc.,Alberto
Escobero,Novelion Therapeutics Inc.,Maria Rocio
Catalan,Novelion Therapeutics Inc.,Nil
Lago,Double Eagle Acquisition Corp.,Andoni
Amezua,Double Eagle Acquisition Corp.,Maria Jesus
Simon,Double Eagle Acquisition Corp.,Juan Ignacio
Macipe,Double Eagle Acquisition Corp.,Cristina
Camara,Double Eagle Acquisition Corp.,Benigno
Figueroa,Celgene Corporation,Pablo Jose
Pastora,Celgene Corporation,Naiara
Cobos,Celgene Corporation,Pedro Pablo
Bonamusa,Celgene Corporation,Ingrid
Gracia,El Tesoro,Gerard
Alcelay,El Tesoro,Obdulia
Porras,El Tesoro,Leopoldo
Mundet,El Tesoro,Salvadora
Molina,El Tesoro,Enrique
Velasco,Altamira,Jose Francisco
San Luis,Altamira,Maria Esperanza
Moyano,Altamira,Ayoub
Conill,Altamira,Ana Cristina
Rodriguez,El Salvador,Manuel
Dumbrava,El Salvador,Fabiola
Alfaro,El Salvador,Yago
Lalana,El Salvador,Maria Nieves
Cobos,El Salvador,Pedro Pablo
Mesbahi,Container Store (The),Coral
Abad,Container Store (The),Omar
Oliver,Container Store (The),Celestino
Hervas,Royal Caribbean Cruises Ltd.,Luis Eduardo
Estades,Royal Caribbean Cruises Ltd.,Jesusa
Tejero,Royal Caribbean Cruises Ltd.,Vidal
Casado,Royal Caribbean Cruises Ltd.,Juan Miguel
Blazquez,Sierra Miranda,Iñaki
De Luz,Sierra Miranda,Ainara
Salvador,Sierra Miranda,Jose Juan
Cristaldo,Sierra Miranda,Concepcion
Marques,Sierra Miranda,Josue
Ariza,El Morro,Fabio
Lopez Cozar,El Morro,Maria Pilar
Olivares,El Morro,Evaristo
Diez,El Morro,Jose Miguel
Alzina,Pucobre,Encarna
Alba,Pucobre,Abraham
El Baroudi,Pucobre,Agueda
Pelaez,Pucobre,Jan
Herrero,Corporate Asset Backed Corp CABCO,Ismael
Aparicio,Corporate Asset Backed Corp CABCO,Eloy
Cuesta,Corporate Asset Backed Corp CABCO,Arnau
Serna,"SeaChange International, Inc.",Primitivo
Andrea,"SeaChange International, Inc.",Sacramento
Padilla,"SeaChange International, Inc.",Luis Alberto
Canelles,"SeaChange International, Inc.",Arantxa
Burgos,"SeaChange International, Inc.",Aleix
Rosino,Entercom Communications Corporation,Rosa
Arillo,Entercom Communications Corporation,Marta Maria
Del Valle,Entercom Communications Corporation,Manuel Francisco
Navarro,La Marcelina,Jose Maria
Dobra,La Marcelina,Carlota
Franco,La Marcelina,Antonio Jose
Dos Santos,La Marcelina,Juan David
Conde,Gabriela Mistral,Jonatan
Osle,Gabriela Mistral,Fatima
Redondo,Gabriela Mistral,Antonio Jesus
Conill,Gabriela Mistral,Ana Cristina
Perez,Gabriela Mistral,Jose Luis
Llamas,Arch Capital Group Ltd.,Marino
Sante,Arch Capital Group Ltd.,Manuela
Ruiz,Arch Capital Group Ltd.,Carlos
Dobra,Arch Capital Group Ltd.,Carlota
Rodrigo,Arch Capital Group Ltd.,Alonso
Noguera,Antucoya,Bautista
Cousido,Antucoya,Rosa Maria
Ortiz,Antucoya,Raul
Reula,Antucoya,Maria Laura
Galvez,Antucoya,Unai
Perea,Carola,Marcelo
Valero,Carola,Ernesto
Renes,Carola,Inocencia
Navarro,Carola,Jose Maria
Camara,PowerShares KBW High Dividend Yield Financial Portfolio,Benigno
Merello,PowerShares KBW High Dividend Yield Financial Portfolio,Alexia
Barrio,PowerShares KBW High Dividend Yield Financial Portfolio,Hamza
Espejo,PowerShares KBW High Dividend Yield Financial Portfolio,Aimar
Pascual,Spence,Mariano
Esteruelas,Spence,Sandra Maria
Serna,Spence,Primitivo
Sierra,Cerro Blanco,Pau
Puges,Cerro Blanco,Elsa
Valenzuela,Cerro Blanco,Jesus Miguel
Juarez,Haldeman - Sagasca,Robert
Correa,Haldeman - Sagasca,Ezequiel
Almeria,Haldeman - Sagasca,Pastora
Paniagua,Haldeman - Sagasca,Noel
Da Silva,Victoria,Nestor
Laviana,Victoria,Avelina
Merino,Victoria,Rodrigo
Reines,Victoria,Eusebia
Ordoñez,L.B. Foster Company,Vasile
Lamrani,L.B. Foster Company,Consuelo
Vela,L.B. Foster Company,Clemente
Duñabeitia,L.B. Foster Company,Estrella
Rey,L.B. Foster Company,Lucas
Zambrano,Regal Entertainment Group,Alberto Jose
Fabero,Regal Entertainment Group,Isidora
Menendez,Regal Entertainment Group,Mateo
Alfaro,Regal Entertainment Group,Yago
Aparicio,Celite - Tana,Eloy
Cabeo,Celite - Tana,Maria Piedad
Herrero,Celite - Tana,Ismael
Cucharero,Celite - Tana,Malika
Jurado,Celite - Tana,Oriol
Barba,iPath US Treasury Long Bond Bear ETN,Anastasio
Djalo,iPath US Treasury Long Bond Bear ETN,Ariadna
Guijarro,iPath US Treasury Long Bond Bear ETN,Aquilino
Holt,iPath US Treasury Long Bond Bear ETN,Monica
Salgado,Cambrex Corporation,Juan Diego
Maresma,Cambrex Corporation,Maria Soledad
Pinto,Cambrex Corporation,Marcial
Solis,Cambrex Corporation,Fabian
De La Haza,Pure Cycle Corporation,Nadia
Heras,Pure Cycle Corporation,Jose Alejandro
Tristante,Pure Cycle Corporation,Anna Maria
Roman,Ojos del Salado,Gregorio
Bures,Ojos del Salado,Maria Purificacion
Vila,Ojos del Salado,Bernardo
Estades,Ojos del Salado,Jesusa
Pastor,Ojos del Salado,Victor Manuel
Bonnet,Caupolicán,Iluminada
Relloso,Caupolicán,Alfonsa
Hervas,Caupolicán,Luis Eduardo
Bello,EPR Properties,Stefan
Gamez,EPR Properties,Ibai
Vilana,EPR Properties,Cristina Maria
Santamaria,EPR Properties,Dario
Rincon,First Trust Emerging Markets Small Cap AlphaDEX Fund,Valeriano
Celador,First Trust Emerging Markets Small Cap AlphaDEX Fund,Sarai
Puig,First Trust Emerging Markets Small Cap AlphaDEX Fund,Fidel
Niculescu,First Trust Emerging Markets Small Cap AlphaDEX Fund,Maria Antonia
Huerta,First Trust Emerging Markets Small Cap AlphaDEX Fund,Severino
Hurtado,Aircastle Limited,Jeronimo
Cabeo,Aircastle Limited,Maria Piedad
Lazaro,Aircastle Limited,Teodoro
Peinado,Aircastle Limited,Manuel Alejandro
Palacios,Esperanza,Christian
Marco,Esperanza,Ferran
Irun,Esperanza,Maite
Garcia,Esperanza,Antonio
Alcaraz,BLDRS Asia 50 ADR Index Fund,Carlos Manuel
Zuheros,BLDRS Asia 50 ADR Index Fund,Maria Estrella
Quesada,BLDRS Asia 50 ADR Index Fund,Gheorghe
Granados,Western Asset Bond Fund,Eulogio
Aliaño,Western Asset Bond Fund,Eulalia
Casas,Western Asset Bond Fund,Jon
Toro,Forum Merger Corporation,Francisco Borja
Betolaza,Forum Merger Corporation,Gemma
Ruiz De Arcaute,Forum Merger Corporation,Julia Maria
Saez,Forum Merger Corporation,Luis Miguel
Gordillo,Nuveen Michigan Quality Municipal Income Fund,Eleuterio
Vilda,Nuveen Michigan Quality Municipal Income Fund,Maria Elvira
Dorado,Nuveen Michigan Quality Municipal Income Fund,Higinio
Mollo,Nuveen Michigan Quality Municipal Income Fund,Salud
Bonilla,Nuveen Michigan Quality Municipal Income Fund,Yeray
Carrera,"Discovery Communications, Inc.",Jose Fernando
Marica,"Discovery Communications, Inc.",Anna
Carmona,"Discovery Communications, Inc.",Jose Angel
Butragueño,"Discovery Communications, Inc.",Marina
Manzano,"Discovery Communications, Inc.",Jose Enrique
Acosta,Drive Shack Inc.,Josep Maria
Castañar,Drive Shack Inc.,Martina
Exposito,Drive Shack Inc.,Gerardo
Maravilla,Drive Shack Inc.,Covadonga
Solano,Drive Shack Inc.,Mamadou
Saenz,"Mid-America Apartment Communities, Inc.",Jose Pablo
Hurtado,"Mid-America Apartment Communities, Inc.",Jeronimo
Martos,STMicroelectronics N.V.,Gorka
Senso,STMicroelectronics N.V.,Josefa
Riera,STMicroelectronics N.V.,Antonio Miguel
Peyro,STMicroelectronics N.V.,Laila
Belmonte,STMicroelectronics N.V.,Michael
Callis,RenaissanceRe Holdings Ltd.,Fuensanta
Serna,RenaissanceRe Holdings Ltd.,Primitivo
Villa,RenaissanceRe Holdings Ltd.,Jairo
Leach,"LTC Properties, Inc.",Antonia Maria
Alba,"LTC Properties, Inc.",Abraham
Barba,"LTC Properties, Inc.",Anastasio
Carvajal,El Guindo,Luis Francisco
Muntadas,El Guindo,Susana
Lorente,El Guindo,Luis Manuel
Palomo,El Guindo,Bernardino
Puente,Cerro Bayo,Francisco Luis
Marica,Cerro Bayo,Anna
Caballero,Cerro Bayo,Mohamed
Navarro,Cerro Bayo,Jose Maria
Quintero,Kite Realty Group Trust,Khalid
Wojcik,Kite Realty Group Trust,Maria Aranzazu
Vidal,Kite Realty Group Trust,Jordi
Bowen,"XO Group, Inc.",Catalina
Castro,"XO Group, Inc.",Alvaro
Molinares,"XO Group, Inc.",Gema Maria
Lago,"XO Group, Inc.",Andoni
Rico,SQM Salar,Aurelio
Gallent,SQM Salar,Gema
De Miguel,SQM Salar,Victor Jose
Amaya,El Abra,Maximiliano
Bahri,El Abra,Maria Encarnacion
Pizarro,El Abra,Markel
Avila,"Destination XL Group, Inc.",Roger
Ortegon,"Destination XL Group, Inc.",Marcela
Blasco,"Destination XL Group, Inc.",Francisco Jesus
Akhrif,"Destination XL Group, Inc.",Maria Cinta
Sante,Escondida,Manuela
Saenz,Escondida,Jose Pablo
Calderon,BLDRS Developed Markets 100 ADR Index Fund,Juan Jesus
Lancis,BLDRS Developed Markets 100 ADR Index Fund,Natalia
Vega,BLDRS Developed Markets 100 ADR Index Fund,Gabriel
Tristante,BLDRS Developed Markets 100 ADR Index Fund,Anna Maria
Pino,Navío,Roberto Carlos
Cidre,Navío,Gloria
Santana,Navío,Domingo
Sellers,Navío,Lola
Cerezo,Navío,Jose Felix
Frias,"Franklin Financial Network, Inc.",Adan
Menguiano,"Franklin Financial Network, Inc.",Lourdes
Vergara,"Franklin Financial Network, Inc.",Casimiro
Costa,"Franklin Financial Network, Inc.",Pol
Silio,Cóndor,Maria Nuria
Roman,Cóndor,Gregorio
Chulian,Cóndor,Gabriela
Guijarro,Cóndor,Aquilino
Dos Santos,Punta de Lobos - Kanita,Juan David
Herance,Punta de Lobos - Kanita,Olivia
Barrera,Punta de Lobos - Kanita,Jose Joaquin
Vias,Punta de Lobos - Kanita,Maria Merce
Dos Santos,Kamada Ltd.,Juan David
Cristofol,Kamada Ltd.,Anastasia
Fuentes,Kamada Ltd.,Felix
Golan,Kamada Ltd.,Laura
Sanchez,Kamada Ltd.,Jose Antonio
Bando,Marte Lobo,Luisa Maria
Polo,Marte Lobo,Modesto
Rina,Marte Lobo,Maria Dolors
Galan,Marte Lobo,Jose Vicente
Tristante,El Toqui,Anna Maria
Rueda,El Toqui,Juan Pablo
Sambola,El Toqui,Otilia
Mena,El Toqui,Luis Maria
Correa,Cowen Inc.,Ezequiel
Gosende,Cowen Inc.,Belen
Olmedo,Cowen Inc.,Peter
Abad,"Nutanix, Inc.",Omar
Gosende,"Nutanix, Inc.",Belen
Granados,"Nutanix, Inc.",Eulogio
Cabarrocas,"Nutanix, Inc.",Maria Remedios
Carrion,"Nutanix, Inc.",Adam
Carvajal,Janus Henderson Small Cap Growth Alpha ETF,Luis Francisco
Contreras,Janus Henderson Small Cap Growth Alpha ETF,Joel
Fermosel,Janus Henderson Small Cap Growth Alpha ETF,Felicitas
Oliva,Janus Henderson Small Cap Growth Alpha ETF,Emiliano
Herrera,Chimborazo,Marcos
Ochovo,Chimborazo,Eugenia
Mateo,Chimborazo,Antonio Manuel
Caton,Chimborazo,Remedios
De La Fuente,Chimborazo,Kevin
Peña,Cerro Casale,Julio
Amargant,Cerro Casale,Elena Maria
Heras,Cerro Casale,Jose Alejandro
Rojo,Cerro Casale,Maximo
Santamaria,China Cord Blood Corporation,Dario
Casafont,China Cord Blood Corporation,Jana
Mallor,China Cord Blood Corporation,Maria Juana
El Hamdi,Novanta Inc.,Maria Angustias
Velazquez,Novanta Inc.,Antonio Luis
Seglar,Novanta Inc.,Justa
Solano,CMP - Los Colorados,Mamadou
Olmedo,CMP - Los Colorados,Peter
Carcas,CMP - Los Colorados,Sonia Maria
Egea,CMP - Los Colorados,Lazaro
Miguel,U.S. Energy Corp.,Pedro Antonio
Arroyo,U.S. Energy Corp.,Jaume
Paniza,U.S. Energy Corp.,Maria Jose
Castaño,U.S. Energy Corp.,Roman
Salon,NVIDIA Corporation,Lara
Pascual,NVIDIA Corporation,Mariano
Ortegon,NVIDIA Corporation,Marcela
Pizarro,NVIDIA Corporation,Markel
Gimenez,"Argos Therapeutics, Inc.",Nicolas
Miracle,"Argos Therapeutics, Inc.",Maria Milagros
Cucharero,"Argos Therapeutics, Inc.",Malika
Salcedo,"Argos Therapeutics, Inc.",Carlos Antonio
Valles,Guaranty Bancorp,Vicent
Plagaro,Guaranty Bancorp,Leyre
Estevez,Guaranty Bancorp,Jose Alberto
Caelles,Guaranty Bancorp,Francisca
Cuadrado,Inseego Corp.,Hicham
Mije,Inseego Corp.,Mercedes
Valdes,Inseego Corp.,Driss
Plagaro,Inseego Corp.,Leyre
Araujo,Inseego Corp.,Abelardo
Pineda,Peapack-Gladstone Financial Corporation,Francesc Xavier
Garmilla,Peapack-Gladstone Financial Corporation,Luna
Santamaria,Peapack-Gladstone Financial Corporation,Dario
Ciruela,Peapack-Gladstone Financial Corporation,Elisa
Cervera,Peapack-Gladstone Financial Corporation,Aritz
Sala,"German American Bancorp, Inc.",Juan Alberto
Muriano,"German American Bancorp, Inc.",Claudia
Paz,"German American Bancorp, Inc.",Joaquim
Laina,"German American Bancorp, Inc.",Hortensia
Andrade,"German American Bancorp, Inc.",Genaro
Juarez,La Picarda,Robert
Garaizabal,La Picarda,Maria Luisa
Dorado,La Picarda,Higinio
El Mahi,La Picarda,Filomena
Soriano,"Apple Hospitality REIT, Inc.",Juan Ramon
Lodos,"Apple Hospitality REIT, Inc.",Maria Desamparados
Palma,"Apple Hospitality REIT, Inc.",Joseba
Ardao,"Apple Hospitality REIT, Inc.",Luz Marina
Martos,"Apple Hospitality REIT, Inc.",Gorka
Romero,"TC PipeLines, LP",Alejandro
Peralta,"TC PipeLines, LP",Mauro
Barrio,"TC PipeLines, LP",Hamza
Rosa,"Nustar GP Holdings, LLC",Rufino
Casqueiro,"Nustar GP Holdings, LLC",Dolors
Carmona,"Nustar GP Holdings, LLC",Jose Angel
Becerra,Cosayach - Cala Cala,Rodolfo
Borjabad,Cosayach - Cala Cala,Maria Vicenta
Miraz,Cosayach - Cala Cala,Maria Angela
Figueroa,Cosayach - Cala Cala,Pablo Jose
Caro,Georgia Power Company,Emilio Jose
Curtis,Georgia Power Company,Andrea
Carrasco,Georgia Power Company,Jose Ramon
Morillo,Georgia Power Company,Hipolito
Darkaoui,PowerShares BuyBack Achievers Portfolio,Estela
Araujo,PowerShares BuyBack Achievers Portfolio,Abelardo
Avellana,PowerShares BuyBack Achievers Portfolio,Maria Concepcion
Caelles,Costamare Inc.,Francisca
Lafuente,Costamare Inc.,Antonio Maria
Lodos,Costamare Inc.,Maria Desamparados
Redondo,Costamare Inc.,Antonio Jesus
Segovia,Gilat Satellite Networks Ltd.,Maximino
Dobrev,Gilat Satellite Networks Ltd.,Silvia
Hompanera,Gilat Satellite Networks Ltd.,Carme
Palacios,Gilat Satellite Networks Ltd.,Christian
Luna,The9 Limited,Justo
Arisa,The9 Limited,Maria Celia
Piñeiro,The9 Limited,Juan Angel
Gasset,The9 Limited,Maria Isabel
Sala,The9 Limited,Juan Alberto
Bueno,"Taiwan Fund, Inc. (The)",Federico
Libano,"Taiwan Fund, Inc. (The)",Maria Salud
Miracle,"Taiwan Fund, Inc. (The)",Maria Milagros
Quesada,Entegra Financial Corp.,Gheorghe
Aranzadi,Entegra Financial Corp.,Victorina
Roman,Entegra Financial Corp.,Gregorio
Villasuso,Entegra Financial Corp.,Maria Fernanda
Cid,Entegra Financial Corp.,Manel
Oliver,Torchmark Corporation,Celestino
Ruano,Torchmark Corporation,Abderrahim
Villagarcia,Torchmark Corporation,Maria Consolacion
Cordoba,Torchmark Corporation,Julen
Pinto,SAP SE,Marcial
Regodon,SAP SE,Araceli
Valle,SAP SE,Damian
Zuheros,SAP SE,Maria Estrella
Poveda,SAP SE,Jose Emilio
Ruiz De Arcaute,"Appliance Recycling Centers of America, Inc.",Julia Maria
Cruz,"Appliance Recycling Centers of America, Inc.",Ricardo
Mogio,"Appliance Recycling Centers of America, Inc.",Angelina
Quesada,"Appliance Recycling Centers of America, Inc.",Gheorghe
Delgado,Punitaqui,Vicente
Acereda,Punitaqui,Carmen Rosa
Buide,Schwager,Feliciana
Diez,Schwager,Jose Miguel
Bartomeu,Schwager,Ana Maria
Jorge,Schwager,Bilal
Soler,Old Republic International Corporation,Juan Luis
Alzina,Old Republic International Corporation,Encarna
Juan,Old Republic International Corporation,Izan
El Baroudi,Old Republic International Corporation,Agueda
Fraile,Old Republic International Corporation,Marius
Vargas,"Cleveland BioLabs, Inc.",Aitor
Sotodosos,"Cleveland BioLabs, Inc.",Maria Lourdes
Masvidal,"Cleveland BioLabs, Inc.",Jesica
Toledo,Pampa Camarones,Antonio Javier
Cenoz,Pampa Camarones,Guillermina
Foncillas,Pampa Camarones,Noelia
Miralles,Pampa Camarones,Patricio
Benitez,Bronce de Petorca,Samuel
De Frias,Bronce de Petorca,Saturnina
Saenz,Bronce de Petorca,Jose Pablo
Posado,Bronce de Petorca,Teresa Jesus
Guerra,Bronce de Petorca,Pascual
Alcaraz,"Gabelli Equity Trust, Inc. (The)",Carlos Manuel
Alzina,"Gabelli Equity Trust, Inc. (The)",Encarna
Santos,"Gabelli Equity Trust, Inc. (The)",Santiago
Urrego,"Gabelli Equity Trust, Inc. (The)",Ramona
Miranda,"Gabelli Equity Trust, Inc. (The)",Marcelino
Huerta,Cerro Negro,Severino
Caro,Cerro Negro,Emilio Jose
Paz,Cerro Negro,Joaquim
Calota,Andacollo Cobre,Maria Aurora
Cortes,Andacollo Cobre,Victor
Pruneda,Andacollo Cobre,Zaira
Ponce,Andacollo Cobre,Gines
Olivares,"Meridian Waste Solutions, Inc",Evaristo
Bedialauneta,"Meridian Waste Solutions, Inc",Pilar
Tomas,"Meridian Waste Solutions, Inc",Marco Antonio
Nouri,"Meridian Waste Solutions, Inc",Clara
Carmona,"Meridian Waste Solutions, Inc",Jose Angel
Rojas,"Kayne Anderson Energy Total Return Fund, Inc.",Eugenio
Corrons,"Kayne Anderson Energy Total Return Fund, Inc.",Mariam
Tena,"Kayne Anderson Energy Total Return Fund, Inc.",Augusto
Paz,"Kayne Anderson Energy Total Return Fund, Inc.",Joaquim
Melero,Limoneira Co,Alan
Rosales,Limoneira Co,Ignasi
Cabeo,Limoneira Co,Maria Piedad
Saez,"First Financial Bankshares, Inc.",Luis Miguel
Duñabeitia,"First Financial Bankshares, Inc.",Estrella
Palma,"First Financial Bankshares, Inc.",Joseba
Escobero,"First Financial Bankshares, Inc.",Maria Rocio
Cabezas,"Cyclacel Pharmaceuticals, Inc.",Lucio
Trasmonte,"Cyclacel Pharmaceuticals, Inc.",Erika
Tejero,Crawford & Company,Vidal
Alocen,Crawford & Company,Mireia
Borrego,Crawford & Company,Roque
Esteruelas,Crawford & Company,Sandra Maria
Toledo,Crawford & Company,Antonio Javier
Miñones,"Delcath Systems, Inc.",Valentina
Fraile,"Delcath Systems, Inc.",Marius
Merello,"Delcath Systems, Inc.",Alexia
Rey,"Delcath Systems, Inc.",Lucas
Barrera,"Ashford Hospitality Prime, Inc.",Jose Joaquin
Contijoch,"Ashford Hospitality Prime, Inc.",Khadija
Pardo,"Ashford Hospitality Prime, Inc.",Iker
Lopez Cozar,"Ashford Hospitality Prime, Inc.",Maria Pilar
Rebollo,"Rush Enterprises, Inc.",John
Hadi,"Rush Enterprises, Inc.",Idoia
Ganzo,"Rush Enterprises, Inc.",Joana
Calvo,"Rush Enterprises, Inc.",Salvador
Amador,GlaxoSmithKline PLC,Paulino
Porras,GlaxoSmithKline PLC,Leopoldo
Portes,GlaxoSmithKline PLC,Sofia
Mateu,GlaxoSmithKline PLC,Jose Alfonso
Casas,Great Plains Energy Inc,Jon
Urrego,Great Plains Energy Inc,Ramona
Corral,Great Plains Energy Inc,Leonardo
Calero,Great Plains Energy Inc,Juan Vicente
Amaya,"Urban One, Inc. ",Maximiliano
Aumente,"Urban One, Inc. ",Ainhoa
Boutahar,"Urban One, Inc. ",Maria Beatriz
Delgado,"Urban One, Inc. ",Vicente
Salon,Bed Bath & Beyond Inc.,Lara
Schulze,Bed Bath & Beyond Inc.,Candida
Vega,Bed Bath & Beyond Inc.,Gabriel
Saez,PIMCO Dynamic Credit and Mortgage Income Fund,Luis Miguel
Peula,PIMCO Dynamic Credit and Mortgage Income Fund,Lucia
Roman,PIMCO Dynamic Credit and Mortgage Income Fund,Gregorio
Linaje,PIMCO Dynamic Credit and Mortgage Income Fund,Davinia
Bermejo,Apollo Senior Floating Rate Fund Inc.,Santos
Mite,Apollo Senior Floating Rate Fund Inc.,Bienvenida
Andreu,Apollo Senior Floating Rate Fund Inc.,Constantin
Bellvis,Apollo Senior Floating Rate Fund Inc.,Maria Gracia
Linares,Apollo Senior Floating Rate Fund Inc.,Ali
Vera,Caserones,Francisco Manuel
Narbon,Caserones,Mariana
Polo,Caserones,Modesto
Foguet,Caserones,Aurelia
Rincon,Caserones,Valeriano
Cebrian,Linderos,Baldomero
Herance,Linderos,Olivia
Pena,Linderos,Juan Fernando
Cidon,Linderos,Carolina
Rico,Linderos,Aurelio
Ramos,Andacollo Oro,Sergio
Tolos,Andacollo Oro,Engracia
Aguilera,Andacollo Oro,Eric
Golderos,Andacollo Oro,Carla
Puig,Andacollo Oro,Fidel
Galvez,Carvana Co.,Unai
Crusat,Carvana Co.,Leire
Sanchez Rey,Carvana Co.,Yanira
Saenz,Carvana Co.,Jose Pablo
Ruales,Northern Trust Corporation,Palmira
Salcedo,Northern Trust Corporation,Carlos Antonio
Liquete,Northern Trust Corporation,Maria Montserrat
Agudo,Northern Trust Corporation,Ionel
Manzana,Celite - Tilviche,Ana Isabel
Merino,Celite - Tilviche,Rodrigo
Cernat,Celite - Tilviche,Mirian
Cosialls,El Teniente,Juana
Cordoba,El Teniente,Julen
Cordoba,Neff Corporation,Julen
Gosende,Neff Corporation,Belen
Del Jesus,Neff Corporation,Joaquina
Arevalo,Neff Corporation,Muhammad
Peralta,VictoryShares US 500 Enhanced Volatility Wtd ETF,Mauro
De La Prida,VictoryShares US 500 Enhanced Volatility Wtd ETF,Visitacion
Sanz,VictoryShares US 500 Enhanced Volatility Wtd ETF,Ivan
Sanchez Gil,VictoryShares US 500 Enhanced Volatility Wtd ETF,Maria Angels
Sala,VictoryShares US 500 Enhanced Volatility Wtd ETF,Juan Alberto
Herrera,Flor de Los Andes,Marcos
Camuña,Flor de Los Andes,Silvia Maria
Ameller,Flor de Los Andes,Ignacia
Palacios,Flor de Los Andes,Christian
Aragon,Isla Riesco,Alexandre
Plagaro,Isla Riesco,Leyre
Salgado,Isla Riesco,Juan Diego
Ballesteros,Isla Riesco,Luis Fernando
Buide,First Trust South Korea AlphaDEX Fund,Feliciana
Maldonado,First Trust South Korea AlphaDEX Fund,Said
Mangana,First Trust South Korea AlphaDEX Fund,Amanda
Arias,First Trust South Korea AlphaDEX Fund,Cesar
Paniagua,"PDF Solutions, Inc.",Noel
Grado,"PDF Solutions, Inc.",Antia
Chaves,"PDF Solutions, Inc.",Jose Jesus
Susarte,"PDF Solutions, Inc.",Fernanda
Herrero,"PDF Solutions, Inc.",Ismael
Alarcon,Cabot Corporation,Blas
Aguado,Cabot Corporation,Marti
Soriano,Data Processing,Juan Ramon
Rebenaque,Data Processing,Florentina
Frias,Iván,Adan
Real,Iván,Juan Enrique
Vilda,Iván,Maria Elvira
Castellano,Iván,Francisco Miguel
Ruiz De Arcaute,Cosayach - Negreiros,Julia Maria
Vega,Cosayach - Negreiros,Gabriel
Bardallo,Cosayach - Negreiros,Maria Natividad
Benito,Delta,Aaron
Buide,Delta,Feliciana
Navarrete,Delta,Bienvenido
Capellades,Delta,Marcelina
Muñoz,Delta,Pedro
Rubio,Silvercrest Asset Management Group Inc.,Adrian
Cristaldo,Silvercrest Asset Management Group Inc.,Concepcion
Villegas,Silvercrest Asset Management Group Inc.,Feliciano
Dilme,Silvercrest Asset Management Group Inc.,Judit
Piñero,Silvercrest Asset Management Group Inc.,Jose Eduardo
Aguirre,Tres Valles,Youssef
Tristante,Tres Valles,Anna Maria
Pelaez,Tres Valles,Jan
Relloso,Tres Valles,Alfonsa
Diaz,"Enanta Pharmaceuticals, Inc.",Miguel
Gabirondo,"Enanta Pharmaceuticals, Inc.",Helena
Angulo,"Enanta Pharmaceuticals, Inc.",Marcel
Borrego,"Enanta Pharmaceuticals, Inc.",Roque
Gallego,"Safe Bulkers, Inc",Mario
Gruber,"Safe Bulkers, Inc",Inmaculada Concepcion
Pino,"Safe Bulkers, Inc",Roberto Carlos
Ayala,"Safe Bulkers, Inc",Hilario
Gutierrez,Pascua,Miguel Angel
Ruiz Hermosa,Pascua,Candela
Olivares,Pascua,Evaristo
Sotodosos,Pascua,Maria Lourdes
Puente,Pascua,Francisco Luis
Benitez,Biglari Holdings Inc.,Samuel
Calota,Biglari Holdings Inc.,Maria Aurora
Suarez,Biglari Holdings Inc.,Ramon
Montecinos,Biglari Holdings Inc.,Patrocinio
Pla,Biglari Holdings Inc.,Urbano
Royo,"Gray Television, Inc.",Jose Domingo
Freire,"Gray Television, Inc.",Jesus Javier
Serna,"Gray Television, Inc.",Primitivo
Beltran,"CatchMark Timber Trust, Inc.",Fermin
De Luz,"CatchMark Timber Trust, Inc.",Ainara
Blanco,"CatchMark Timber Trust, Inc.",Juan Jose
Bahri,"CatchMark Timber Trust, Inc.",Maria Encarnacion
Collado,"CatchMark Timber Trust, Inc.",Enric
Bolet,Las Piedras,Maria Elisa
Navarrete,Las Piedras,Bienvenido
Salcedo,Las Piedras,Carlos Antonio
Trujillo,"Western New England Bancorp, Inc.",Angel Luis
Betolaza,"Western New England Bancorp, Inc.",Gemma
Miguel,"Western New England Bancorp, Inc.",Pedro Antonio
Guzman,"Shutterstock, Inc.",Carles
Djalo,"Shutterstock, Inc.",Ariadna
Vargas,"Shutterstock, Inc.",Aitor
Paniza,"Shutterstock, Inc.",Maria Jose
Vallejo,"FSB Bancorp, Inc.",Julio Cesar
Canora,"FSB Bancorp, Inc.",Ruth
Samperiz,"FSB Bancorp, Inc.",Esmeralda
Leon,"FSB Bancorp, Inc.",Emilio
Crespo,SQM - Pedro de Valdivia,Jose Ignacio
Casatejada,SQM - Pedro de Valdivia,Georgina
Alarcon,SQM - Pedro de Valdivia,Blas
Mañeru,SQM - Pedro de Valdivia,Angeles
Lucas,SQM - Pedro de Valdivia,Jesus Angel
Macias,United Microelectronics Corporation,Carmelo
Sambola,United Microelectronics Corporation,Otilia
Martinez,United Microelectronics Corporation,David
Portes,United Microelectronics Corporation,Sofia
Vergara,United Microelectronics Corporation,Casimiro
Sainz,"Adams Diversified Equity Fund, Inc.",Jose Rafael
Rodriguez Peral,"Adams Diversified Equity Fund, Inc.",Anabel
Chulian,"Adams Diversified Equity Fund, Inc.",Gabriela
Espinosa,"Adams Diversified Equity Fund, Inc.",Alex
Nuñez,Tranquilo,Andres
Galan,Tranquilo,Jose Vicente
Ochovo,Tranquilo,Eugenia
Aparicio,Tranquilo,Eloy
Pizarro,Guanaco,Markel
Bahri,Guanaco,Maria Encarnacion
Rincon,Guanaco,Valeriano
Sora,Guanaco,Mariona
Gallego,Guanaco,Mario
Noguera,PowerShares Nasdaq Internet Portfolio,Bautista
Molina,PowerShares Nasdaq Internet Portfolio,Enrique
Algara,PowerShares Nasdaq Internet Portfolio,Olatz
Alfaro,PowerShares Nasdaq Internet Portfolio,Yago
Niculescu,Lota,Maria Antonia
Mosquera,Lota,Vicente Jose
Freire,Lota,Jesus Javier
Pascual,Diageo plc,Mariano
Arnay,Diageo plc,Valeria
Alvarez,Diageo plc,Jose Manuel
Miranda,Diageo plc,Marcelino
Castro,El Tofo,Alvaro
Crehuet,El Tofo,Virginia
Hurtado,El Tofo,Jeronimo
Mitrea,El Tofo,Jacinta
Rey,El Tofo,Lucas
Carrera,Fair Isaac Corporation,Jose Fernando
Mongay,Fair Isaac Corporation,Josefa Maria
Toro,Fair Isaac Corporation,Francisco Borja
Avila,PTC Inc.,Roger
Amargant,PTC Inc.,Elena Maria
Angueira,PTC Inc.,Saida
Galvez,PTC Inc.,Unai
Salcedo,E.I. du Pont de Nemours and Company,Carlos Antonio
Bartomeu,E.I. du Pont de Nemours and Company,Ana Maria
Godoy,E.I. du Pont de Nemours and Company,Herminio
Gil De Gomez,E.I. du Pont de Nemours and Company,Emiliana
Cantero,E.I. du Pont de Nemours and Company,Imanol
Luque,Stamps.com Inc.,Pedro Jose
Carabaño,Stamps.com Inc.,Natividad
Cordero,Stamps.com Inc.,Guillem
Capellades,Stamps.com Inc.,Marcelina
Ruiz,Stamps.com Inc.,Carlos
Ventura,Vina Concha Y Toro,Camilo
De Los Bueis,Vina Concha Y Toro,Sara
Valle,Vina Concha Y Toro,Damian
Borrego,Vina Concha Y Toro,Roque
Barragan,"Tootsie Roll Industries, Inc.",Fulgencio
Furundarena,"Tootsie Roll Industries, Inc.",Angelica
Muñoz,"Tootsie Roll Industries, Inc.",Pedro
Sola,"Tootsie Roll Industries, Inc.",Pedro Maria
Poveda,Manto Verde,Jose Emilio
Mije,Manto Verde,Mercedes
Carrillo,Manto Verde,Mohammed
El Hamdi,Manto Verde,Maria Angustias
Rodrigo,Manto Verde,Alonso
Bartolome,"Ellie Mae, Inc.",Marcos Antonio
Aedo,"Ellie Mae, Inc.",Trinidad
Grande,"Ellie Mae, Inc.",Jorge Juan
Domenech,"Ellie Mae, Inc.",Andreu
Moto,"The Chefs' Warehouse, Inc.",Yaiza
Pozo,"The Chefs' Warehouse, Inc.",Pedro Luis
Muriano,"The Chefs' Warehouse, Inc.",Claudia
Cerezo,"The Chefs' Warehouse, Inc.",Jose Felix
Sastre,Quiborax,Pedro Javier
Miraz,Quiborax,Maria Angela
Canora,Quiborax,Ruth
Gallardo,Quiborax,Xavier
Salguero,"India Fund, Inc. (The)",Ibon
Marica,"India Fund, Inc. (The)",Anna
Coego,"India Fund, Inc. (The)",Amina
Estrada,"India Fund, Inc. (The)",Brais
Pineda,Gladstone Commercial Corporation,Francesc Xavier
Juanico,Gladstone Commercial Corporation,Maider
Estevez,Gladstone Commercial Corporation,Jose Alberto
Bartomeu,Gladstone Commercial Corporation,Ana Maria
Gonzalo,Gladstone Commercial Corporation,Didac
Aranda,Check-Cap Ltd.,Eusebio
Peula,Check-Cap Ltd.,Lucia
Aviles,"Investors Bancorp, Inc.",Venancio
Carrasco,"Investors Bancorp, Inc.",Jose Ramon
Merelas,"Investors Bancorp, Inc.",Nagore
Salgado,"Investors Bancorp, Inc.",Juan Diego
Cordoba,"MasTec, Inc.",Julen
Matache,"MasTec, Inc.",Maria Alicia
Galvez,"MasTec, Inc.",Unai
Andrade,"MasTec, Inc.",Genaro
Rojo,Las Pataguas,Maximo
Hadi,Las Pataguas,Idoia
Olmo,Las Pataguas,Isaias
Latorre,Las Luces,Amadeo
Cucharero,Las Luces,Malika
Domingo,Las Luces,Claudio
Miteva,Las Luces,Maria Cruz
Recio,Las Luces,Fernando Jose
Salon,DRDGOLD Limited,Lara
Chamorro,DRDGOLD Limited,Virgilio
Baena,DRDGOLD Limited,Angel Maria
Aragon,Johnson & Johnson,Alexandre
Aliaño,Johnson & Johnson,Eulalia
Alvarez,Johnson & Johnson,Jose Manuel
Irun,Johnson & Johnson,Maite
Grande,Cosayach - Soledad,Jorge Juan
Rosaleny,Cosayach - Soledad,Aitana
Solis,Cosayach - Soledad,Fabian
Fabero,Cosayach - Soledad,Isidora
Garzon,Cosayach - Soledad,Aziz
Barrios,Nuveen Municipal High Income Opportunity Fund,Raimundo
Nouri,Nuveen Municipal High Income Opportunity Fund,Clara
Morcillo,Nuveen Municipal High Income Opportunity Fund,Jose Gabriel
Guaza,Nuveen Municipal High Income Opportunity Fund,Paula
Valero,Nuveen Municipal High Income Opportunity Fund,Ernesto
Arranz,"Herman Miller, Inc.",Josu
Betolaza,"Herman Miller, Inc.",Gemma
Villegas,"Herman Miller, Inc.",Feliciano
Revollo,"Herman Miller, Inc.",Ines Maria
Gutierrez,"Herman Miller, Inc.",Miguel Angel
Vera,III de Atacama Kozan,Francisco Manuel
Tarrats,III de Atacama Kozan,Maria Blanca
Nicolas,III de Atacama Kozan,Demetrio
Baco,III de Atacama Kozan,Meritxell
Plaza,III de Atacama Kozan,Lluis
Cardenas,Fidus Investment Corporation,Manuel Jose
Giol,Fidus Investment Corporation,Saray
Corral,Fidus Investment Corporation,Leonardo
Posado,Fidus Investment Corporation,Teresa Jesus
Mateos,Fidus Investment Corporation,Bartolome
Linacero,"Portola Pharmaceuticals, Inc.",Matilde
Quintero,"Portola Pharmaceuticals, Inc.",Khalid
Cidre,"Portola Pharmaceuticals, Inc.",Gloria
Luque,"Portola Pharmaceuticals, Inc.",Pedro Jose
Andreu,Great Elm Capital Corp.,Constantin
Verdia,Great Elm Capital Corp.,Maria Teresa
Saez,Great Elm Capital Corp.,Luis Miguel
Ardoy,Great Elm Capital Corp.,Noemi
Santos,Great Elm Capital Corp.,Santiago
Escobar,Cordillera - Tenardita,Candido
Leal,Cordillera - Tenardita,Edgar
Butragueño,Cordillera - Tenardita,Marina
Olivares,Cordillera - Tenardita,Evaristo
Villegas,"Avenue Therapeutics, Inc.",Feliciano
Tarrats,"Avenue Therapeutics, Inc.",Maria Blanca
Araujo,"Avenue Therapeutics, Inc.",Abelardo
Camacho,Pullalli,German
Renes,Pullalli,Inocencia
Valero,Pullalli,Ernesto
Giol,Pullalli,Saray
Sainz,Pullalli,Jose Rafael
Lazcoz,Los Bronces,Nuria
Ramos,Los Bronces,Sergio
Cucharero,Los Bronces,Malika
Fuentes,Los Bronces,Felix
Jorge,"Pepsico, Inc.",Bilal
Ungria,"Pepsico, Inc.",Berta
Clemente,"Pepsico, Inc.",Juan Dios
Collado,Candelaria,Enric
De Caceres,Candelaria,Maria Olga
Millan,Candelaria,Florencio
Lascu,Candelaria,Vicenta
Rosa,Candelaria,Rufino
Estrada,West Corporation,Brais
Portes,West Corporation,Sofia
Oyaga,West Corporation,Clotilde
Herranz,West Corporation,Jesus Antonio
Tejero,Pupunahue,Vidal
Pozon,Pupunahue,Estibaliz
Nicolas,Pupunahue,Demetrio
Pineda,Pupunahue,Francesc Xavier
Arias,Dollar General Corporation,Cesar
Azam,Dollar General Corporation,Basilisa
Miraz,Dollar General Corporation,Maria Angela
Vives,Dollar General Corporation,Viorel
Saez,Bright Scholar Education Holdings Limited,Luis Miguel
Relloso,Bright Scholar Education Holdings Limited,Alfonsa
Redondo,Bright Scholar Education Holdings Limited,Antonio Jesus
Mollo,Bright Scholar Education Holdings Limited,Salud
Robles,Bright Scholar Education Holdings Limited,Juan Pedro
Montoya,"Zynerba Pharmaceuticals, Inc.",Xabier
Chaos,"Zynerba Pharmaceuticals, Inc.",Esther
Arce,"Zynerba Pharmaceuticals, Inc.",Denis
Aliaño,"Zynerba Pharmaceuticals, Inc.",Eulalia
Luna,"Zynerba Pharmaceuticals, Inc.",Justo
Ramirez,CMP - Romeral,Alberto
Esparrago,CMP - Romeral,Aida
Silva,CMP - Romeral,Jose Javier
Bedialauneta,CMP - Romeral,Pilar
Nieto,CMP - Romeral,Gonzalo
Da Silva,Pinatolca,Nestor
Diaconescu,Pinatolca,Aranzazu
Medina,Pinatolca,Ruben
Rojo,Pinatolca,Maximo
Algara,Cohen & Steers Reit and Preferred Income Fund Inc,Olatz
Rodriguez,Cohen & Steers Reit and Preferred Income Fund Inc,Manuel
Bauset,Cohen & Steers Reit and Preferred Income Fund Inc,Maialen
Rubio,B.O.S. Better Online Solutions,Adrian
Hadi,B.O.S. Better Online Solutions,Idoia
Ugarteburu,B.O.S. Better Online Solutions,Gregoria
Marco,B.O.S. Better Online Solutions,Ferran
Nuñez,Hamilton Lane Incorporated,Andres
Chahlal,Hamilton Lane Incorporated,Magdalena
Gimenez,Hamilton Lane Incorporated,Nicolas
Bratos,Hamilton Lane Incorporated,Ascension
De Miguel,Hamilton Lane Incorporated,Victor Jose
Dos Santos,ENGlobal Corporation,Juan David
Vega,ENGlobal Corporation,Gabriel
Arabaolaza,ENGlobal Corporation,Samira
Cobos,ENGlobal Corporation,Pedro Pablo
Avila,Incyte Corporation,Roger
Cimarra,Incyte Corporation,Rosana
Pelaez,Incyte Corporation,Jan
Osle,Incyte Corporation,Fatima
Serra,Incyte Corporation,Elias
Solano,"Westbury Bancorp, Inc.",Mamadou
Martin Delgado,"Westbury Bancorp, Inc.",Aina
Ortiz,"Westbury Bancorp, Inc.",Raul
Valldeperas,"Westbury Bancorp, Inc.",Tamara
Olmo,"Westbury Bancorp, Inc.",Isaias
Mateo,"HD Supply Holdings, Inc.",Antonio Manuel
Rubiños,"HD Supply Holdings, Inc.",Soraya
Arranz,"HD Supply Holdings, Inc.",Josu
Ruiz Hermosa,"HD Supply Holdings, Inc.",Candela
Miralles,"HD Supply Holdings, Inc.",Patricio
Bonilla,BRF S.A.,Yeray
Justes,BRF S.A.,Maria Josefa
Roca,BRF S.A.,Antoni
Singla,BRF S.A.,Felisa
Vargas,BRF S.A.,Aitor
Latorre,Zaldívar,Amadeo
Estrada,Zaldívar,Brais
Lobato,Zaldívar,Melchor
Millan,"Aspen Technology, Inc.",Florencio
Akdi,"Aspen Technology, Inc.",Victoria
Carrillo,"Aspen Technology, Inc.",Mohammed
Niembro,"Aspen Technology, Inc.",Nerea
Millan,"Aspen Technology, Inc.",Florencio
Tejero,"Entergy Louisiana, Inc.",Vidal
Almeria,"Entergy Louisiana, Inc.",Pastora
Herrero,"Entergy Louisiana, Inc.",Ismael
Re,"Entergy Louisiana, Inc.",Salma
Aragon,"Entergy Louisiana, Inc.",Alexandre
Ocaña,Independence Holding Company,Teofilo
Mecinas,Independence Holding Company,Aicha
Herranz,Independence Holding Company,Jesus Antonio
Lefter,Independence Holding Company,Adelina
Beltran,Independence Holding Company,Fermin
Mata,"Midland States Bancorp, Inc.",Luis Angel
Pazos,"Midland States Bancorp, Inc.",Pelayo
Villa,Patriot National Bancorp Inc.,Jairo
Niculescu,Patriot National Bancorp Inc.,Maria Antonia
Guerrero,Patriot National Bancorp Inc.,Jaime
Mariñelarena,Patriot National Bancorp Inc.,Maria Julia
Conde,Talcuna,Jonatan
Castellot,Talcuna,Aurora
Truchado,Talcuna,Elizabeth
Aguilar,Talcuna,Marc
Recio,"Blackhawk Network Holdings, Inc.",Fernando Jose
Oyaga,"Blackhawk Network Holdings, Inc.",Clotilde
Cordero,"Blackhawk Network Holdings, Inc.",Guillem
Gallardo,Natl Westminster Pfd,Xavier
Cabalgante,Natl Westminster Pfd,Gloria Maria
Riera,Natl Westminster Pfd,Antonio Miguel
Dorobantu,Natl Westminster Pfd,Paulina
Olmo,Natl Westminster Pfd,Isaias
Gimenez,"AMC Entertainment Holdings, Inc.",Nicolas
Acosta,"AMC Entertainment Holdings, Inc.",Josep Maria
Mora,Salesforce.com Inc,Hugo
Esteruelas,Salesforce.com Inc,Sandra Maria
Ibañez,Salesforce.com Inc,Alfredo
Andreu,Salesforce.com Inc,Constantin
Casado,"Ocular Therapeutix, Inc.",Juan Miguel
Pica,"Ocular Therapeutix, Inc.",Edurne
Roig,"Ocular Therapeutix, Inc.",Pedro Manuel
Rovira,"Hawkins, Inc.",Pedro Miguel
Valenzuela,"Hawkins, Inc.",Jesus Miguel
Lalwani,"Hawkins, Inc.",Leticia
Cuadrado,"Hawkins, Inc.",Hicham
Casanova,Colico Sur,Abdellah
Madrid,Colico Sur,Antonio Francisco
Barberia,Colico Sur,Adela
Perez,Colico Sur,Jose Luis
Valdes,El Peñón,Driss
De La Torre,El Peñón,Marco
Oyanguren,El Peñón,Dolores
Pons,El Peñón,Isidoro
Flores,CoreSite Realty Corporation,Agustin
Rael,CoreSite Realty Corporation,Veronica
Sala,CoreSite Realty Corporation,Juan Alberto
Chelaru,CoreSite Realty Corporation,Maria Mar
Mateos,CoreSite Realty Corporation,Bartolome
Calero,Western Alliance Bancorporation,Juan Vicente
Valldeperas,Western Alliance Bancorporation,Tamara
Leal,Western Alliance Bancorporation,Edgar
Pare,Western Alliance Bancorporation,Maria Reyes
Lafuente,Western Alliance Bancorporation,Antonio Maria
Montoya,Alliance National Municipal Income Fund Inc,Xabier
Baucells,Alliance National Municipal Income Fund Inc,Tomasa
Cuesta,Alliance National Municipal Income Fund Inc,Arnau
Evangelio,Alliance National Municipal Income Fund Inc,Rachida
Lorenzo,iShares 20+ Year Treasury Bond ETF,Josep
El Baroudi,iShares 20+ Year Treasury Bond ETF,Agueda
Sierra,iShares 20+ Year Treasury Bond ETF,Pau
Gabirondo,iShares 20+ Year Treasury Bond ETF,Helena
Roig,iShares 20+ Year Treasury Bond ETF,Pedro Manuel
Aguilar,Envision Healthcare Corporation,Marc
Zorrozua,Envision Healthcare Corporation,Miriam
Crespo,Envision Healthcare Corporation,Jose Ignacio
Alabort,Envision Healthcare Corporation,Merce
Galindo,Envision Healthcare Corporation,Luciano
Rey,SQM - Pampa Blanca,Lucas
Coruña,SQM - Pampa Blanca,Erica
Rey,SQM - Pampa Blanca,Lucas
Revollo,SQM - Pampa Blanca,Ines Maria
Piñero,SQM - Pampa Blanca,Jose Eduardo
Flores,Lomas Bayas,Agustin
Andronache,Lomas Bayas,Maria Sol
Miralles,Lomas Bayas,Patricio
Figueroa,Lomas Bayas,Pablo Jose
Solis,"FairPoint Communications, Inc.",Fabian
Nodal,"FairPoint Communications, Inc.",Amelia
Sanchez Rey,"FairPoint Communications, Inc.",Yanira
Guijarro,"FairPoint Communications, Inc.",Aquilino
Mije,Arlington Asset Investment Corp,Mercedes
Asensio,Arlington Asset Investment Corp,Jose Andres
Esteruelas,Arlington Asset Investment Corp,Sandra Maria
Soria,Arlington Asset Investment Corp,Amador
Ventura,Andina,Camilo
Zuriarrain,Andina,Miren
Polo,Andina,Modesto
Villamañan,Andina,Antonia
Marco,Andina,Ferran
Palacios,Celite - Carol,Christian
Villagarcia,Celite - Carol,Maria Consolacion
Galvez,Celite - Carol,Unai
Herrmann,Celite - Carol,Irene
Cordero,Tekla Healthcare Opportunies Fund,Guillem
Villanueva,Tekla Healthcare Opportunies Fund,Carlos Alberto
Muñiz,American Homes 4 Rent,Luis Enrique
Bayot,American Homes 4 Rent,Roser
Beltran,American Homes 4 Rent,Fermin
Yudego,American Homes 4 Rent,Melania
Polo,American Homes 4 Rent,Modesto
Carbonell,"support.com, Inc.",Luis Javier
Amezua,"support.com, Inc.",Maria Jesus
Hamido,"support.com, Inc.",Maria Azucena
Martinez,"support.com, Inc.",David
Alfaro,Nuveen Floating Rate Income Fund,Yago
Alfaro,Nuveen Floating Rate Income Fund,Yago
Conill,Nuveen Floating Rate Income Fund,Ana Cristina
Sole,"Hurco Companies, Inc.",Hamid
Hernansaiz,"Hurco Companies, Inc.",Rosa Ana
Burgos,"Hurco Companies, Inc.",Aleix
Montala,"Hurco Companies, Inc.",Maria Rosa
Chen,"Hurco Companies, Inc.",Saturnino
Djalo,"Littelfuse, Inc.",Ariadna
Arenas,"Littelfuse, Inc.",Rogelio
Fraile,"Littelfuse, Inc.",Marius
Morillo,Kraton Corporation,Hipolito
Arillo,Kraton Corporation,Marta Maria
Kanoute,Kraton Corporation,Monserrat
Pla,Kraton Corporation,Urbano
Pinto,Applied DNA Sciences Inc,Marcial
Hernansaiz,Applied DNA Sciences Inc,Rosa Ana
Salcedo,Applied DNA Sciences Inc,Carlos Antonio
Alvarez,Blackstone GSO Long Short Credit Income Fund,Jose Manuel
Laviana,Blackstone GSO Long Short Credit Income Fund,Avelina
Iso,Blackstone GSO Long Short Credit Income Fund,Rufina
Jorge,Blackstone GSO Long Short Credit Income Fund,Bilal
Abad,"Chegg, Inc.",Omar
Monis,"Chegg, Inc.",Estefania
Vargas,"Chegg, Inc.",Aitor
Dilme,"Chegg, Inc.",Judit
Carrera,"Chegg, Inc.",Jose Fernando
Re,"Vectrus, Inc.",Salma
Andres,"Vectrus, Inc.",Manuel Jesus
Chelaru,"Vectrus, Inc.",Maria Mar
Angulo,"Vectrus, Inc.",Marcel
Martos,Yahoo! Inc.,Gorka
Eriksson,Yahoo! Inc.,Micaela
Peña,Yahoo! Inc.,Julio
Schulze,Yahoo! Inc.,Candida
Vega,Yahoo! Inc.,Gabriel
Gil Ortega,CVS Health Corporation,Benedicta
Rico,CVS Health Corporation,Aurelio
Dobrev,CVS Health Corporation,Silvia
Gimenez,"Commerce Bancshares, Inc.",Nicolas
Rina,"Commerce Bancshares, Inc.",Maria Dolors
Juan,"Commerce Bancshares, Inc.",Izan
Luna,"Commerce Bancshares, Inc.",Justo
Duarte,"Sarepta Therapeutics, Inc.",Biel
Batalle,"Sarepta Therapeutics, Inc.",Sheila
Chen,"Sarepta Therapeutics, Inc.",Saturnino
Costa,"Sarepta Therapeutics, Inc.",Pol
Dorado,Romeral,Higinio
Tsvetkov,Romeral,Flora
Rostoll,Romeral,Iris
Moral,Romeral,Oliver
Tena,Texas Pacific Land Trust,Augusto
Roman,Texas Pacific Land Trust,Gregorio
Barrios,Texas Pacific Land Trust,Raimundo
Velazquez,Esterline Technologies Corporation,Antonio Luis
Pizarro,Esterline Technologies Corporation,Markel
Sambola,Esterline Technologies Corporation,Otilia
Ortega,Esterline Technologies Corporation,Juan Antonio
Chen,Silicon Motion Technology Corporation,Saturnino
Liriano,Silicon Motion Technology Corporation,Amaya
Naranjo,Silicon Motion Technology Corporation,Mustapha
Canelles,Silicon Motion Technology Corporation,Arantxa
Varela,Ceragon Networks Ltd.,Sergi
Eriksson,Ceragon Networks Ltd.,Micaela
Valle,Ceragon Networks Ltd.,Damian
Mecinas,Ceragon Networks Ltd.,Aicha
Velez,Ceragon Networks Ltd.,Abdelaziz
Ortega,"MiMedx Group, Inc",Juan Antonio
Lanseros,"MiMedx Group, Inc",Guadalupe
Barreiro,"MiMedx Group, Inc",Cipriano
Sainz,"MiMedx Group, Inc",Jose Rafael
Abarrategui,La Pepa,Sandra
Barroso,La Pepa,Rachid
Escarra,La Pepa,Beatriz
Sierra,La Pepa,Pau
Dos Santos,Jerónimo,Juan David
Ardao,Jerónimo,Luz Marina
Leach,Jerónimo,Antonia Maria
Pino,Jerónimo,Roberto Carlos
Domingo,Sierra Gorda,Claudio
Salon,Sierra Gorda,Lara
Palomo,Sierra Gorda,Bernardino
Gamez,Sierra Gorda,Ibai
Olmedo,"Waste Management, Inc.",Peter
Yudego,"Waste Management, Inc.",Melania
Nieto,"Waste Management, Inc.",Gonzalo
Suarez,"Waste Management, Inc.",Ramon
Miralles,Andes Travertine,Patricio
Moyano,Andes Travertine,Ayoub
Zorrozua,Andes Travertine,Miriam
Soria,Andes Travertine,Amador
Galvan,Eagle Bulk Shipping Inc.,Norberto
Lascu,Eagle Bulk Shipping Inc.,Vicenta
Criado,Eagle Bulk Shipping Inc.,Karim
Pegueroles,Eagle Bulk Shipping Inc.,Celestina
Pavon,Eagle Bulk Shipping Inc.,Gumersindo
Alcala,SQM - Nueva Victoria,Ceferino
Renes,SQM - Nueva Victoria,Inocencia
Arevalo,SQM - Nueva Victoria,Muhammad
Cabau,SQM - Nueva Victoria,Piedad
Rodriguez,SQM - Nueva Victoria,Manuel
Cuenca,"Dupont Fabros Technology, Inc.",Ion
Vaquero,"Dupont Fabros Technology, Inc.",Mihai
Fuentes,"Dupont Fabros Technology, Inc.",Felix
Rojas,Brookfield Global Listed Infrastructure Income Fund,Eugenio
Naim,Brookfield Global Listed Infrastructure Income Fund,Africa
Aparicio,Brookfield Global Listed Infrastructure Income Fund,Eloy
Canelles,Brookfield Global Listed Infrastructure Income Fund,Arantxa
Gutierrez,Brookfield Global Listed Infrastructure Income Fund,Miguel Angel
Cobos,"Impax Laboratories, Inc.",Pedro Pablo
Lanseros,"Impax Laboratories, Inc.",Guadalupe
Lopez,"Impax Laboratories, Inc.",Juan
Mañeru,"Impax Laboratories, Inc.",Angeles
Velasco,"Everspin Technologies, Inc.",Jose Francisco
Baumann,"Everspin Technologies, Inc.",Patricia
Castellanos,"Everspin Technologies, Inc.",Brian
Murillo,Ministro Hales,Faustino
Pastor,Ministro Hales,Victor Manuel
Linaje,Ministro Hales,Davinia
Carretero,SQM - Yumbes,Constantino
Valdes,SQM - Yumbes,Driss
Barrera,SQM - Yumbes,Jose Joaquin
Capellades,Nabriva Therapeutics AG,Marcelina
Hernandez,Nabriva Therapeutics AG,Daniel
Aumente,Nabriva Therapeutics AG,Ainhoa
Ramon,Nabriva Therapeutics AG,Francisco Antonio
Zapata,"OraSure Technologies, Inc.",Erik
Lalana,"OraSure Technologies, Inc.",Maria Nieves
Ferrer,Radomiro Tomic,Sebastian
Paredes,Radomiro Tomic,Juan Bautista
Carabaño,Radomiro Tomic,Natividad
Ordoñez,Radomiro Tomic,Vasile
Chaves,PrimeEnergy Corporation,Jose Jesus
Holt,PrimeEnergy Corporation,Monica
Gangoso,PrimeEnergy Corporation,Tania
Gimeno,PrimeEnergy Corporation,Ioan
Pereira,TICC Capital Corp.,Mikel
Peyro,TICC Capital Corp.,Laila
Clemente,TICC Capital Corp.,Juan Dios
Tricio,TICC Capital Corp.,Elena
Salcedo,TICC Capital Corp.,Carlos Antonio
Cardenas,"Pinnacle Financial Partners, Inc.",Manuel Jose
Merelas,"Pinnacle Financial Partners, Inc.",Nagore
Caceres,"Pinnacle Financial Partners, Inc.",Leandro
Paulet,"Pinnacle Financial Partners, Inc.",Delfina
Contreras,"Pinnacle Financial Partners, Inc.",Joel
Barrio,"HCA Healthcare, Inc.",Hamza
Avellana,"HCA Healthcare, Inc.",Maria Concepcion
Pena,"HCA Healthcare, Inc.",Juan Fernando
Amaya,"HCA Healthcare, Inc.",Maximiliano
Tabuyo,Kopin Corporation,Maria Prado
Catalan,Kopin Corporation,Nil
Urabayen,Kopin Corporation,Loreto
Barrio,Kopin Corporation,Hamza
Falcon,"Commercial Vehicle Group, Inc.",Celso
Crusat,"Commercial Vehicle Group, Inc.",Leire
Medina,"Commercial Vehicle Group, Inc.",Ruben
Blaj,"Commercial Vehicle Group, Inc.",Regina
Mendez,Can Can,Alfonso
Rodao,Can Can,Agustina
Villa,Can Can,Jairo
Kausar,Can Can,Elisabet
Palma,Can Can,Joseba
Simon,"The Travelers Companies, Inc.",Juan Ignacio
Zamora,"The Travelers Companies, Inc.",Gustavo
Cerron,"The Travelers Companies, Inc.",Debora
Duñabeitia,BlackRock Municipal Target Term Trust Inc. (The),Estrella
Vela,BlackRock Municipal Target Term Trust Inc. (The),Clemente
Lup,BlackRock Municipal Target Term Trust Inc. (The),Maria Trinidad
Costa,BlackRock Municipal Target Term Trust Inc. (The),Pol
Guerra,Quebrada Blanca,Pascual
Gorbea,Quebrada Blanca,Itziar
Casas,CMP - Cerro Negro Norte,Jon
Rosino,CMP - Cerro Negro Norte,Rosa
De Miguel,CMP - Cerro Negro Norte,Victor Jose
Batalle,CMP - Cerro Negro Norte,Sheila
Singh,CMP - Cerro Negro Norte,Iago
Cabrera,Nuveen Energy MLP Total Return Fund,Tomas
Perruca,Nuveen Energy MLP Total Return Fund,Irati
Sala,Nuveen Energy MLP Total Return Fund,Juan Alberto
Manzano,Global Partner Acquisition Corp.,Jose Enrique
Dumbrava,Global Partner Acquisition Corp.,Fabiola
Carrasco,Global Partner Acquisition Corp.,Jose Ramon
Huertas,Global Partner Acquisition Corp.,Jose Pedro
Cuenca,3M Company,Ion
Rodriguez Bobada,3M Company,Purificacion
Apostu,3M Company,Jennifer
De La Torre,3M Company,Marco
Cotaina,La Productora,Isabel Maria
Ruiz,La Productora,Carlos
De La Prida,La Productora,Visitacion
Leal,Cerro Imán,Edgar
Velazquez,Cerro Imán,Antonio Luis
Caton,Cerro Imán,Remedios
Perez,SQM - María Elena,Jose Luis
Auria,SQM - María Elena,Eva Maria
De La Cruz,SQM - María Elena,Serafin
Campos,"Biocept, Inc.",Guillermo
Bedialauneta,"Biocept, Inc.",Pilar
Tolos,"Biocept, Inc.",Engracia
Bartolome,Cummins Inc.,Marcos Antonio
Matanza,Cummins Inc.,Diana
Triado,Cummins Inc.,Ana Rosa
Ferrero,Cummins Inc.,Juan Gabriel
Requena,"Arista Networks, Inc.",Basilio
Miteva,"Arista Networks, Inc.",Maria Cruz
Blazquez,"Arista Networks, Inc.",Iñaki
Garzon,"ILG, Inc",Aziz
Camuña,"ILG, Inc",Silvia Maria
Salguero,"ILG, Inc",Ibon
Bahri,"ILG, Inc",Maria Encarnacion
Hidalgo,Lambert,Cristian
Relloso,Lambert,Alfonsa
Sainz,Lambert,Jose Rafael
Diaz Campo,Lambert,Macarena
Paez,Lambert,Ibrahim
Velasco,Caleta El Cobre,Jose Francisco
Rodriguez Peral,Caleta El Cobre,Anabel
Mañeru,Caleta El Cobre,Angeles
Manzano,Caleta El Cobre,Jose Enrique
Alcantara,Fertón,Ian
Chahlal,Fertón,Magdalena
Arjona,Fertón,Bonifacio
Arabaolaza,Fertón,Samira
Saavedra,Fertón,Juan Andres
Villegas,Moog Inc.,Feliciano
Corado,Moog Inc.,Maria Eugenia
Sainz,Moog Inc.,Jose Rafael
Ballester,"LM Funding America, Inc.",Narciso
Maset,"LM Funding America, Inc.",Paola
Llorens,"LM Funding America, Inc.",Inocencio
Ariznabarreta,"LM Funding America, Inc.",Alicia
Tapia,"LM Funding America, Inc.",Octavio
Sora,"PrivateBancorp, Inc.",Mariona
Guerrero,"PrivateBancorp, Inc.",Jaime
Leon,"PrivateBancorp, Inc.",Emilio
Cotaina,Coirón,Isabel Maria
Sanandres,Coirón,Eva
Maldonado,Coirón,Said
Vives,Microsemi Corporation,Viorel
Aomar,Microsemi Corporation,Petra
Paz,Microsemi Corporation,Joaquim
Meno,Microsemi Corporation,Maria Socorro
Vidal,Microsemi Corporation,Jordi
Aznar,Zion Oil & Gas Inc,Dumitru
Arjona,Zion Oil & Gas Inc,Bonifacio
Rubio,Zion Oil & Gas Inc,Adrian
Solis,"Western Refining Logistics, LP",Fabian
Zuheros,"Western Refining Logistics, LP",Maria Estrella
Salguero,"Western Refining Logistics, LP",Ibon
Montoya,"Western Refining Logistics, LP",Xabier
Tomas,"Sierra Oncology, Inc.",Marco Antonio
Herranz,"Sierra Oncology, Inc.",Jesus Antonio
Fabero,"Sierra Oncology, Inc.",Isidora
Perez,"Sierra Oncology, Inc.",Jose Luis
Mollo,Dos Amigos,Salud
Valle,Dos Amigos,Damian
Anguix,Dos Amigos,Maria Amparo
Ojeda,Dos Amigos,Avelino
Valdes,Abeona Therapeutics Inc.,Driss
Ardoy,Abeona Therapeutics Inc.,Noemi
Vera,Merus Labs International Inc.,Francisco Manuel
Bonamusa,Merus Labs International Inc.,Ingrid
Singh,Merus Labs International Inc.,Iago
Justes,Merus Labs International Inc.,Maria Josefa
Lara,Merus Labs International Inc.,Borja
Galvez,First Trust Multi-Asset Diversified Income Index Fund,Unai
Merello,First Trust Multi-Asset Diversified Income Index Fund,Alexia
Serrano,First Trust Multi-Asset Diversified Income Index Fund,Juan Carlos
Irun,First Trust Multi-Asset Diversified Income Index Fund,Maite
Lizundia,Imax Corporation,Lorenza
Gallego,Imax Corporation,Mario
El Mahi,Imax Corporation,Filomena
Villanueva,Imax Corporation,Carlos Alberto
Mateo,"H&R Block, Inc.",Antonio Manuel
Saladie,"H&R Block, Inc.",Laura Maria
Mitu,"H&R Block, Inc.",Rafaela
Ayala,Northrop Grumman Corporation,Hilario
Sellers,Northrop Grumman Corporation,Lola
Mata,Northrop Grumman Corporation,Luis Angel
Jaramago,Northrop Grumman Corporation,Luisa
Rebollo,Northrop Grumman Corporation,John
De La Fuente,Diana Shipping inc.,Kevin
Pelado,Diana Shipping inc.,Isabel
Peña,Diana Shipping inc.,Julio
Liquete,Diana Shipping inc.,Maria Montserrat
Cardona,"Spark Energy, Inc.",Cesareo
De Salas,"Spark Energy, Inc.",Maria Auxiliadora
Segura,"Spark Energy, Inc.",Benito
