apellido,nombre,proyecto
Betolaza,Gemma,"SolarEdge Technologies, Inc."
Paunero,Marta,"SolarEdge Technologies, Inc."
Ortiz,Raul,Azul S.A.
Tricio,Elena,Azul S.A.
Pisabarro,Rosario,Azul S.A.
Parra,Cristobal,Azul S.A.
Bernal,Ahmed,Franke
Nodal,Amelia,Franke
Salguero,Ibon,Franke
Mata,Luis Angel,AdvisorShares Market Adaptive Unconstrained Income ETF
Rodellar,Alba Maria,AdvisorShares Market Adaptive Unconstrained Income ETF
Gordillo,Eleuterio,AdvisorShares Market Adaptive Unconstrained Income ETF
Jaramago,Luisa,AdvisorShares Market Adaptive Unconstrained Income ETF
Mejias,Placido,AdvisorShares Market Adaptive Unconstrained Income ETF
Salazar,Victoriano,Kilroy Realty Corporation
Mecinas,Aicha,Kilroy Realty Corporation
Coego,Amina,Kilroy Realty Corporation
Macias,Carmelo,Kilroy Realty Corporation
Luque,Pedro Jose,Anheuser-Busch Inbev SA
El Hayani,Ana Belen,Anheuser-Busch Inbev SA
Rubio,Adrian,Anheuser-Busch Inbev SA
Contijoch,Khadija,Anheuser-Busch Inbev SA
Escribano,Luis Antonio,Anheuser-Busch Inbev SA
Hammouch,Maria Guadalupe,Clifton Bancorp Inc.
Guerra,Pascual,Clifton Bancorp Inc.
De Frias,Saturnina,Clifton Bancorp Inc.
Luque,Pedro Jose,Clifton Bancorp Inc.
Galvan,Norberto,San Gerónimo
Nieto,Gonzalo,San Gerónimo
Bures,Maria Purificacion,San Gerónimo
Mendoza,Abel,San Gerónimo
Ballester,Narciso,Elenita
Chahlal,Magdalena,Elenita
Aomar,Petra,Elenita
Villa,Jairo,Elenita
Bermudez,Jacinto,Catamutún
Lizundia,Lorenza,Catamutún
Clemente,Juan Dios,Catamutún
Linares,Ali,United States Cellular Corporation
Paredes,Juan Bautista,United States Cellular Corporation
Tarrats,Maria Blanca,United States Cellular Corporation
Sole,Hamid,United States Cellular Corporation
Amezua,Maria Jesus,San José
Carvajal,Luis Francisco,San José
Martin,Jesus,San José
Mejias,Placido,Isla Guarello
Castellano,Francisco Miguel,Isla Guarello
Mallor,Maria Juana,Isla Guarello
Da Silva,Nestor,Isla Guarello
Rey,Lucas,Las Arenitas
Justes,Maria Josefa,Las Arenitas
Izquierdo,Arturo,Las Arenitas
Reinado,Jessica,Las Arenitas
Marques,Josue,Las Arenitas
Quintana,Pere,Park-Ohio Holdings Corp.
Gil Ortega,Benedicta,Park-Ohio Holdings Corp.
Cabezas,Lucio,Park-Ohio Holdings Corp.
Amaya,Maximiliano,Park-Ohio Holdings Corp.
Juan,Izan,The Community Financial Corporation
Veredas,Elvira,The Community Financial Corporation
Blanco,Juan Jose,"National American University Holdings, Inc."
Rosino,Rosa,"National American University Holdings, Inc."
Espinosa,Alex,"National American University Holdings, Inc."
Valmaña,Jenifer,"National American University Holdings, Inc."
Campos,Guillermo,"National American University Holdings, Inc."
Coll,Mauricio,Garrison Capital Inc.
Matache,Maria Alicia,Garrison Capital Inc.
Duque,Rosendo,Garrison Capital Inc.
Mahedero,Maria Mercedes,Garrison Capital Inc.
Tena,Augusto,Array BioPharma Inc.
Corchon,Florencia,Array BioPharma Inc.
Bures,Maria Purificacion,Array BioPharma Inc.
Juarez,Robert,Array BioPharma Inc.
Juan,Izan,Unisys Corporation
Miteva,Maria Cruz,Unisys Corporation
Robles,Juan Pedro,Unisys Corporation
Escarra,Beatriz,Unisys Corporation
Silva,Jose Javier,Unisys Corporation
Bello,Stefan,PureFunds ETFx HealthTech ETF
Fontanillo,Benita,PureFunds ETFx HealthTech ETF
Ferguson,Maria Sonia,PureFunds ETFx HealthTech ETF
Sainz,Jose Rafael,"Dynex Capital, Inc."
Rivas,Valentin,"Dynex Capital, Inc."
Tayebi,Maria Magdalena,Walter Investment Management Corp.
Piñero,Jose Eduardo,Walter Investment Management Corp.
Gabirondo,Helena,Walter Investment Management Corp.
Miranda,Marcelino,Walter Investment Management Corp.
Garrido,Juan Manuel,"Avon Products, Inc."
Gil,Jorge,"Avon Products, Inc."
Robles,Juan Pedro,"Clear Channel Outdoor Holdings, Inc."
Liriano,Amaya,"Clear Channel Outdoor Holdings, Inc."
Gosende,Belen,"Clear Channel Outdoor Holdings, Inc."
Pino,Roberto Carlos,"Clear Channel Outdoor Holdings, Inc."
Espinosa,Alex,EQT Corporation
Noain,Irina,EQT Corporation
Araujo,Abelardo,EQT Corporation
Singla,Felisa,EQT Corporation
Suarez,Ramon,EQT Corporation
Aparicio,Eloy,SQM - Mapocho
Amezua,Maria Jesus,SQM - Mapocho
Pazos,Pelayo,SQM - Mapocho
Pica,Edurne,SQM - Mapocho
Pascual,Mariano,SQM - Mapocho
Estevez,Jose Alberto,Las Cenizas
Rina,Maria Dolors,Las Cenizas
Aragon,Alexandre,Las Cenizas
Montala,Maria Rosa,Las Cenizas
Arias,Cesar,Las Cenizas
Fabero,Isidora,"Sportsman's Warehouse Holdings, Inc."
Saez,Luis Miguel,"Sportsman's Warehouse Holdings, Inc."
Anderez,Maria Almudena,"Sportsman's Warehouse Holdings, Inc."
Izquierdo,Arturo,"Sportsman's Warehouse Holdings, Inc."
Blanco,Juan Jose,"Xenia Hotels & Resorts, Inc."
Tena,Augusto,"Xenia Hotels & Resorts, Inc."
Recouso,Consolacion,"Xenia Hotels & Resorts, Inc."
Puig,Fidel,"Xenia Hotels & Resorts, Inc."
Trujillo,Angel Luis,Lions Gate Entertainment Corporation
Carabaño,Natividad,Lions Gate Entertainment Corporation
Leon,Emilio,Lions Gate Entertainment Corporation
Lavara,Angustias,Lions Gate Entertainment Corporation
Garrido,Juan Manuel,Lions Gate Entertainment Corporation
Reula,Maria Laura,Inacesa - El Jilguero
Ballesteros,Luis Fernando,Inacesa - El Jilguero
Miguel,Pedro Antonio,Inacesa - El Jilguero
Belmonte,Michael,Don Alberto
Cavadas,Raquel,Don Alberto
Camacho,German,Don Alberto
Anguix,Maria Amparo,Don Alberto
Vila,Bernardo,Don Alberto
Hervas,Luis Eduardo,Michilla
Izal,Rosalia,Michilla
Espinosa,Alex,Michilla
Ganzo,Joana,Michilla
Niculescu,Maria Antonia,Marine Petroleum Trust
Chaves,Jose Jesus,Marine Petroleum Trust
Puges,Elsa,Marine Petroleum Trust
Cuesta,Arnau,Marine Petroleum Trust
Domenech,Andreu,Tuina
Dobrev,Silvia,Tuina
Lago,Andoni,Tuina
Salcedo,Carlos Antonio,Tuina
Schulze,Candida,Intracampos
Soto,Hector,Intracampos
Akhrif,Maria Cinta,Intracampos
Estevez,Jose Alberto,Westpac Banking Corporation
Segovia,Maximino,Westpac Banking Corporation
Casatejada,Georgina,Westpac Banking Corporation
Herranz,Jesus Antonio,Westpac Banking Corporation
Palma,Joseba,"Silicon Laboratories, Inc."
Maresma,Maria Soledad,"Silicon Laboratories, Inc."
Bueno,Federico,"Silicon Laboratories, Inc."
Baumann,Patricia,"Silicon Laboratories, Inc."
Collado,Enric,"Silicon Laboratories, Inc."
Zapata,Erik,E*TRADE Financial Corporation
Galindo,Luciano,E*TRADE Financial Corporation
Dobra,Carlota,E*TRADE Financial Corporation
Ferrero,Juan Gabriel,E*TRADE Financial Corporation
Molina,Enrique,Toll Brothers Inc.
Bonet,Jose Tomas,Toll Brothers Inc.
Miraz,Maria Angela,Toll Brothers Inc.
Guerrero,Jaime,Toll Brothers Inc.
Olmo,Isaias,CMP - Boquerón Chañar
Noain,Irina,CMP - Boquerón Chañar
Hidalgo,Cristian,Peckett
Amador,Paulino,Peckett
Mariñelarena,Maria Julia,Peckett
Gallego,Mario,SL Green Realty Corporation
Eriksson,Micaela,SL Green Realty Corporation
Santamaria,Dario,SL Green Realty Corporation
Gallent,Gema,SL Green Realty Corporation
Robles,Juan Pedro,SL Green Realty Corporation
Moyano,Ayoub,"Chunghwa Telecom Co., Ltd."
Galvan,Norberto,"Chunghwa Telecom Co., Ltd."
Alba,Abraham,"Forterra, Inc."
Quilumba,Rita,"Forterra, Inc."
Ferreira,Hassan,"Forterra, Inc."
Corado,Maria Eugenia,"Forterra, Inc."
Simon,Juan Ignacio,Refugio
Lires,Myriam,Refugio
Castilla,Ricard,Refugio
Castañar,Martina,Refugio
Mollo,Salud,"China Lodging Group, Limited"
Espinosa,Alex,"China Lodging Group, Limited"
Segovia,Maximino,"China Lodging Group, Limited"
Mateo,Antonio Manuel,"International Seaways, Inc."
Serral,Josefina,"International Seaways, Inc."
Sainz,Jose Rafael,"International Seaways, Inc."
Velez,Abdelaziz,"International Seaways, Inc."
Grau,Florin,"Financial Engines, Inc."
Casto,Nicolasa,"Financial Engines, Inc."
Campos,Guillermo,"Financial Engines, Inc."
Boutahar,Maria Beatriz,"Financial Engines, Inc."
Chelaru,Maria Mar,Nuveen Connecticut Quality Municipal Income Fund
Sellers,Lola,Nuveen Connecticut Quality Municipal Income Fund
Andreu,Constantin,Nuveen Connecticut Quality Municipal Income Fund
Rosales,Ignasi,La Coipa
Corchon,Florencia,La Coipa
Tayebi,Maria Magdalena,La Coipa
Aguilar,Marc,La Coipa
Llorens,Inocencio,Dorado
Pozon,Estibaliz,Dorado
Garzon,Aziz,Dorado
Matache,Maria Alicia,Dorado
Pino,Roberto Carlos,Mackinac Financial Corporation
Akhrif,Maria Cinta,Mackinac Financial Corporation
Asensio,Jose Andres,Mackinac Financial Corporation
Oyanguren,Dolores,Mackinac Financial Corporation
Saiz,Saul,Mackinac Financial Corporation
Pardo,Iker,"Cogentix Medical, Inc."
Escudero,Israel,"Cogentix Medical, Inc."
Tortella,Laia,Cerro Colorado
Martos,Gorka,Cerro Colorado
Gil De Gomez,Emiliana,Cerro Colorado
Garzon,Aziz,Dynatronics Corporation
Del Jesus,Joaquina,Dynatronics Corporation
Campos,Guillermo,Dynatronics Corporation
Reines,Eusebia,Dynatronics Corporation
Lorenzo,Josep,Dynatronics Corporation
Haddu,Maria Paloma,R.R. Donnelley & Sons Company
Chaos,Esther,R.R. Donnelley & Sons Company
Soto,Hector,R.R. Donnelley & Sons Company
Portillo,Francisco Asis,Trongol
Toledo,Antonio Javier,Trongol
Chaos,Esther,Trongol
Valverde,Armando,"FTI Consulting, Inc."
Mesbahi,Coral,"FTI Consulting, Inc."
De Jong,Ane,"FTI Consulting, Inc."
Sanchis,Cecilio,"FTI Consulting, Inc."
Bosch,Laureano,Inacesa - El Way
Salas,Benjamin,Inacesa - El Way
Dorobantu,Paulina,Inacesa - El Way
Rivas,Valentin,Inacesa - El Way
Granados,Eulogio,"RiverNorth Opportunities Fund, Inc."
Coruña,Erica,"RiverNorth Opportunities Fund, Inc."
Carballo,Nicolae,"RiverNorth Opportunities Fund, Inc."
Serrano,Juan Carlos,"RiverNorth Opportunities Fund, Inc."
Aguilar,Marc,AmerisourceBergen Corporation (Holding Co)
Cervera,Aritz,AmerisourceBergen Corporation (Holding Co)
Abad,Omar,AmerisourceBergen Corporation (Holding Co)
Cantero,Imanol,"Evolving Systems, Inc."
Mallor,Maria Juana,"Evolving Systems, Inc."
Inguanzo,Maria Gloria,"Evolving Systems, Inc."
Vicente,Felipe,"Evolving Systems, Inc."
Rubio,Adrian,"UMH Properties, Inc."
Navas,Ramiro,"UMH Properties, Inc."
Relloso,Alfonsa,"UMH Properties, Inc."
Medina,Ruben,"UMH Properties, Inc."
Benitez,Samuel,Arenal
Nodal,Amelia,Arenal
Rey,Lucas,Arenal
De La Huerga,Maria Valle,Suncor EnergyInc.
Mitu,Rafaela,Suncor EnergyInc.
Bautista,Alexander,Suncor EnergyInc.
Ariza,Fabio,Elkhorn Commodity Rotation Strategy ETF
Paniagua,Noel,Elkhorn Commodity Rotation Strategy ETF
Gordillo,Eleuterio,La Patagua
Yuan,Maria Araceli,La Patagua
Carabaño,Natividad,La Patagua
Quintana,Pere,Terreno Realty Corporation
Dorobantu,Paulina,Terreno Realty Corporation
Bahri,Maria Encarnacion,Terreno Realty Corporation
Mateo,Antonio Manuel,Terreno Realty Corporation
Diaz,Miguel,"CenterPoint Energy, Inc."
Anguix,Maria Amparo,"CenterPoint Energy, Inc."
Correa,Ezequiel,"CenterPoint Energy, Inc."
Macipe,Cristina,"CenterPoint Energy, Inc."
Guzman,Carles,"CenterPoint Energy, Inc."
Rivas,Valentin,Enel Generacion Chile S.A.
Herrmann,Irene,Enel Generacion Chile S.A.
Ortega,Juan Antonio,Enel Generacion Chile S.A.
Hungria,Sagrario,Enel Generacion Chile S.A.
Alcantara,Ian,Enel Generacion Chile S.A.
Pardo,Iker,"Edge Therapeutics, Inc."
Buide,Feliciana,"Edge Therapeutics, Inc."
Cuevas,Ander,"Edge Therapeutics, Inc."
Lup,Maria Trinidad,"Edge Therapeutics, Inc."
Latorre,Amadeo,"Edge Therapeutics, Inc."
Foguet,Aurelia,"Under Armour, Inc."
Puig,Fidel,"Under Armour, Inc."
Pozon,Estibaliz,El Volcán
Cuesta,Arnau,El Volcán
Silio,Maria Nuria,El Volcán
Pujol,Anselmo,El Volcán
Rubio,Adrian,El Soldado
Avellana,Maria Concepcion,El Soldado
Bautista,Alexander,KT Corporation
Garcete,Adelaida,KT Corporation
Falcon,Celso,KT Corporation
Valmaña,Jenifer,KT Corporation
Barrio,Hamza,KT Corporation
Rebollo,John,ACF - Lagunas
Esteruelas,Sandra Maria,ACF - Lagunas
Poveda,Jose Emilio,ACF - Lagunas
Golderos,Carla,ACF - Lagunas
Santos,Santiago,ACF - Lagunas
De La Fuente,Kevin,"First Hawaiian, Inc."
Gegundez,Emma,"First Hawaiian, Inc."
Matanza,Diana,"First Hawaiian, Inc."
Guillen,Francesc,"First Hawaiian, Inc."
Alfaro,Yago,Randgold Resources Limited
Benimeli,Soledad,Randgold Resources Limited
Bartomeu,Ana Maria,Randgold Resources Limited
Santos,Santiago,Randgold Resources Limited
Acuyo,Milagros,III de Atacama Minerals - Aguas Blancas
Garzon,Aziz,III de Atacama Minerals - Aguas Blancas
Mejias,Placido,Urstadt Biddle Properties Inc.
Saad,Lorena,Urstadt Biddle Properties Inc.
Zahino,Herminia,Urstadt Biddle Properties Inc.
Franco,Antonio Jose,Urstadt Biddle Properties Inc.
Lago,Andoni,Chimberos
Aomar,Petra,Chimberos
Puges,Elsa,"JA Solar Holdings, Co., Ltd."
Valles,Vicent,"JA Solar Holdings, Co., Ltd."
Lires,Myriam,"JA Solar Holdings, Co., Ltd."
Mateos,Bartolome,"JA Solar Holdings, Co., Ltd."
Piñero,Jose Eduardo,CMP - Algarrobo
Villasuso,Maria Fernanda,CMP - Algarrobo
Morales,Diego,CMP - Algarrobo
Torrubiano,Maria Rosario,CMP - Algarrobo
Marrero,Segundo,CMP - Algarrobo
Valle,Damian,"Idera Pharmaceuticals, Inc."
Ayala,Hilario,"Idera Pharmaceuticals, Inc."
Blaj,Regina,"Idera Pharmaceuticals, Inc."
Agudo,Ionel,"Idera Pharmaceuticals, Inc."
Caro,Emilio Jose,Montecristo
Cidre,Gloria,Montecristo
Prieto,Ignacio,Montecristo
Tayebi,Maria Magdalena,Montecristo
Carbonell,Luis Javier,Special Opportunities Fund Inc.
Rodriguez Peral,Anabel,Special Opportunities Fund Inc.
Reina,Manuel Antonio,Special Opportunities Fund Inc.
Linacero,Matilde,Special Opportunities Fund Inc.
Soria,Amador,Special Opportunities Fund Inc.
Arranz,Josu,AGCO Corporation
Pereñiguez,Presentacion,AGCO Corporation
Tena,Augusto,AGCO Corporation
Belmonte,Michael,Lenga
Villasuso,Maria Fernanda,Lenga
Pons,Isidoro,Lenga
Carmona,Jose Angel,Julia
Saad,Lorena,Julia
Costa,Pol,Julia
Dobrev,Silvia,Julia
Menguiano,Lourdes,"NextEra Energy, Inc."
Diez,Jose Miguel,"NextEra Energy, Inc."
Caelles,Francisca,"NextEra Energy, Inc."
Tapia,Octavio,"Diamond Hill Investment Group, Inc."
Martin Delgado,Aina,"Diamond Hill Investment Group, Inc."
Bosch,Laureano,"Diamond Hill Investment Group, Inc."
Del Valle,Manuel Francisco,"Diamond Hill Investment Group, Inc."
Canes,Almudena,Jazz Pharmaceuticals plc
Pujol,Anselmo,Jazz Pharmaceuticals plc
Caballero,Mohamed,Jazz Pharmaceuticals plc
Exposito,Gerardo,Laguna Siren
Ruales,Palmira,Laguna Siren
Bartomeu,Ana Maria,Laguna Siren
Herrero,Ismael,Laguna Siren
Falcon,Celso,"Universal Stainless & Alloy Products, Inc."
Corrons,Mariam,"Universal Stainless & Alloy Products, Inc."
Lorente,Luis Manuel,"Universal Stainless & Alloy Products, Inc."
Mesbahi,Coral,"Universal Stainless & Alloy Products, Inc."
Xiao,Ursula,Alhué
Paz,Joaquim,Alhué
Rosa,Rufino,Alhué
Saiz,Saul,United Insurance Holdings Corp.
Rosino,Rosa,United Insurance Holdings Corp.
Llorens,Inocencio,United Insurance Holdings Corp.
Costa,Pol,Chuquicamata
Ould Mohamed,Azucena,Chuquicamata
Luque,Pedro Jose,Chuquicamata
Pagazaurtundua,Minerva,Chuquicamata
Hernando,Igor,Chuquicamata
Borrego,Roque,Maganeso III de Atacama
Holt,Monica,SCL Chemetall
Collado,Enric,SCL Chemetall
Nouri,Clara,SCL Chemetall
Romera,Oier,SCL Chemetall
Contreras,Joel,Galectin Therapeutics Inc.
Cerron,Debora,Galectin Therapeutics Inc.
Rivera,Jesus Maria,Galectin Therapeutics Inc.
Gonzalez,Jose,Galectin Therapeutics Inc.
Sole,Hamid,Yelp Inc.
De Luz,Ainara,Yelp Inc.
Guerra,Pascual,Yelp Inc.
Camacho,German,China Mobile (Hong Kong) Ltd.
De Jong,Ane,China Mobile (Hong Kong) Ltd.
Lucas,Jesus Angel,China Mobile (Hong Kong) Ltd.
Alba,Abraham,China Mobile (Hong Kong) Ltd.
Dorado,Higinio,Pirquitas
Truchado,Elizabeth,Pirquitas
Vergara,Casimiro,Collahuasi
Vilana,Cristina Maria,Collahuasi
Saavedra,Juan Andres,Collahuasi
Zanfir,Gertrudis,Collahuasi
Galvan,Norberto,Collahuasi
Bratos,Ascension,Central Garden & Pet Company
Casas,Jon,Central Garden & Pet Company
Corrons,Mariam,Central Garden & Pet Company
Polo,Modesto,Central Garden & Pet Company
Valero,Ernesto,Faride
Ruesgas,Maria Belen,Faride
Goiburu,Sonia,Faride
Soriano,Juan Ramon,Faride
Falcon,Celso,María Elisa
Bando,Luisa Maria,María Elisa
Cardenas,Manuel Jose,María Elisa
Noel,Montserrat,María Elisa
Guerrero,Jaime,María Elisa
Palacios,Christian,HollyFrontier Corporation
Azon,Liliana,HollyFrontier Corporation
Cardenas,Manuel Jose,HollyFrontier Corporation
Marrero,Segundo,HollyFrontier Corporation
Toledo,Antonio Javier,"Recon Technology, Ltd."
Azam,Basilisa,"Recon Technology, Ltd."
Ayuda,Delia,"Recon Technology, Ltd."
Alvarez,Jose Manuel,"Recon Technology, Ltd."
Vila,Bernardo,JM Global Holding Company
Dobra,Carlota,JM Global Holding Company
Pardo,Iker,JM Global Holding Company
Atxa,Violeta,JM Global Holding Company
Matanza,Diana,Del Fierro
Tapia,Octavio,Del Fierro
Diaz Hellin,Amalia,Del Fierro
Gil,Jorge,Del Fierro
De La Fuente,Kevin,"Hub Group, Inc."
Casafont,Jana,"Hub Group, Inc."
Trujillo,Angel Luis,"Hub Group, Inc."
Aedo,Trinidad,"Hub Group, Inc."
Mesa,Adria,"Hub Group, Inc."
Jimenez,Francisco Javier,Manantial
Peula,Lucia,Manantial
Ibañez,Alfredo,Manantial
Tsvetkov,Flora,Manantial
Bernal,Ahmed,Manantial
Pino,Roberto Carlos,Credit Acceptance Corporation
Pagazaurtundua,Minerva,Credit Acceptance Corporation
Quesada,Gheorghe,Credit Acceptance Corporation
Rostoll,Iris,Credit Acceptance Corporation
Andreu,Constantin,Credit Acceptance Corporation
Brito,Gustavo Adolfo,Nuveen AMT-Free Municipal Value Fund
Evangelio,Rachida,Nuveen AMT-Free Municipal Value Fund
Mateos,Bartolome,Nuveen AMT-Free Municipal Value Fund
Fontanillo,Benita,Nuveen AMT-Free Municipal Value Fund
Serna,Primitivo,Nuveen AMT-Free Municipal Value Fund
Mateo,Antonio Manuel,"Mirna Therapeutics, Inc."
Requena,Basilio,"Mirna Therapeutics, Inc."
Serral,Josefina,"Mirna Therapeutics, Inc."
Saenz,Jose Pablo,"Mirna Therapeutics, Inc."
Pinto,Marcial,"Kura Oncology, Inc."
Leal,Edgar,"Kura Oncology, Inc."
Chaos,Esther,"Kura Oncology, Inc."
Salazar,Victoriano,First Trust Senior Loan Fund ETF
Jaramago,Luisa,First Trust Senior Loan Fund ETF
Grado,Antia,First Trust Senior Loan Fund ETF
Campo,Alexandru,First Trust Senior Loan Fund ETF
Linares,Ali,"Ulta Beauty, Inc."
Coin,Karima,"Ulta Beauty, Inc."
Corral,Leonardo,"Ulta Beauty, Inc."
Singla,Felisa,"Ulta Beauty, Inc."
Becerra,Rodolfo,"Ulta Beauty, Inc."
Ochoa,Brahim,Comcast Corporation
Irun,Maite,Comcast Corporation
Pazos,Pelayo,Comcast Corporation
Diaz,Miguel,Comcast Corporation
Belmonte,Michael,Los Pelambres
Marty,Mihaela,Los Pelambres
Tricio,Elena,Los Pelambres
Cantero,Imanol,Los Pelambres
Sanchez Gil,Maria Angels,Algorta
Varela,Sergi,Algorta
Da Silva,Nestor,Algorta
Coll,Mauricio,AbbVie Inc.
Carballo,Nicolae,AbbVie Inc.
Reinado,Jessica,AbbVie Inc.
Alcaraz,Carlos Manuel,AbbVie Inc.
Cobo,Eneko,Virco Manufacturing Corporation
Pisabarro,Rosario,Virco Manufacturing Corporation
Peña,Julio,Virco Manufacturing Corporation
Cabau,Piedad,Virco Manufacturing Corporation
Ortega,Juan Antonio,Mantos de la Luna
Niembro,Nerea,Mantos de la Luna
Chen,Saturnino,Mantos de la Luna
Mahedero,Maria Mercedes,Mantos de la Luna
Ruiz,Carlos,Mantos de la Luna
Pla,Urbano,"Fiserv, Inc."
Pagazaurtundua,Minerva,"Fiserv, Inc."
Pino,Roberto Carlos,"Fiserv, Inc."
Acuyo,Milagros,"Fiserv, Inc."
Mesa,Adria,"Fiserv, Inc."
Lodos,Maria Desamparados,Quiborax - Ascotán
Alvarez,Jose Manuel,Quiborax - Ascotán
Ibañez,Alfredo,Quiborax - Ascotán
Vives,Viorel,CMP - El Laco
Recouso,Consolacion,CMP - El Laco
Ocaña,Teofilo,CMP - El Laco
Cubino,Maribel,CMP - El Laco
Arranz,Josu,CMP - El Laco
Lorenzo,Josep,Tata Motors Ltd
Lecanda,Yolanda,Tata Motors Ltd
Palacios,Christian,Tata Motors Ltd
Bartolome,Marcos Antonio,Tata Motors Ltd
Pinto,Marcial,Eaton Vance Corporation
Lopez,Juan,Eaton Vance Corporation
Ros,Juan Maria,Eaton Vance Corporation
Marques,Josue,Peabody Energy Corporation
Villarta,Maria Cristina,Peabody Energy Corporation
Del Rio,Bruno,Peabody Energy Corporation
Valmaña,Jenifer,Peabody Energy Corporation
Cano,Francisco Jose,Peabody Energy Corporation
Camara,Benigno,Vanguard Russell 3000 ETF
Fontanillo,Benita,Vanguard Russell 3000 ETF
Villanueva,Carlos Alberto,Vanguard Russell 3000 ETF
Casado,Juan Miguel,Voya Global Equity Dividend and Premium Opportunity Fund
Arenas,Rogelio,Voya Global Equity Dividend and Premium Opportunity Fund
Mangana,Amanda,Voya Global Equity Dividend and Premium Opportunity Fund
Hernando,Igor,First Trust International Multi-Asset Diversified Income Index
Paunero,Marta,First Trust International Multi-Asset Diversified Income Index
Crespo,Jose Ignacio,First Trust International Multi-Asset Diversified Income Index
Palomo,Bernardino,First Trust Nasdaq Retail ETF
Daras,Tatiana,First Trust Nasdaq Retail ETF
Menendez,Mateo,First Trust Nasdaq Retail ETF
Reula,Maria Laura,First Trust Nasdaq Retail ETF
Duran,Jose Carlos,Orbotech Ltd.
Amezua,Maria Jesus,Orbotech Ltd.
Juarez,Robert,Orbotech Ltd.
Paredes,Juan Bautista,Orbotech Ltd.
Chen,Saturnino,La Perla
Haddu,Maria Paloma,La Perla
Collado,Enric,La Perla
Pla,Urbano,iShares MSCI EM ESG Optimized ETF
Mangana,Amanda,iShares MSCI EM ESG Optimized ETF
Miguel,Pedro Antonio,iShares MSCI EM ESG Optimized ETF
Requena,Basilio,iShares MSCI EM ESG Optimized ETF
Alecu,Margarita,PowerShares Golden Dragon China Portfolio
Cobos,Pedro Pablo,PowerShares Golden Dragon China Portfolio
Urrutikoetxea,Dionisia,PowerShares Golden Dragon China Portfolio
Bonilla,Yeray,PowerShares Golden Dragon China Portfolio
Soto,Hector,"Texas Capital Bancshares, Inc."
Sacedo,Lydia,"Texas Capital Bancshares, Inc."
Serral,Josefina,"Texas Capital Bancshares, Inc."
Pujol,Anselmo,Mantos Blancos
Bolet,Maria Elisa,Mantos Blancos
Morillo,Hipolito,Mantos Blancos
Rodao,Agustina,Mantos Blancos
Fuentes,Felix,Mantos Blancos
Marcos,Moises,Choquelimpie
Marty,Mihaela,Choquelimpie
Caballero,Mohamed,Choquelimpie
Zapata,Erik,Choquelimpie
Ojeda,Avelino,Novelion Therapeutics Inc.
Irun,Maite,Novelion Therapeutics Inc.
Ramirez,Alberto,Novelion Therapeutics Inc.
Escobero,Maria Rocio,Novelion Therapeutics Inc.
Catalan,Nil,Novelion Therapeutics Inc.
Lago,Andoni,Double Eagle Acquisition Corp.
Amezua,Maria Jesus,Double Eagle Acquisition Corp.
Simon,Juan Ignacio,Double Eagle Acquisition Corp.
Macipe,Cristina,Double Eagle Acquisition Corp.
Camara,Benigno,Double Eagle Acquisition Corp.
Figueroa,Pablo Jose,Celgene Corporation
Pastora,Naiara,Celgene Corporation
Cobos,Pedro Pablo,Celgene Corporation
Bonamusa,Ingrid,Celgene Corporation
Gracia,Gerard,El Tesoro
Alcelay,Obdulia,El Tesoro
Porras,Leopoldo,El Tesoro
Mundet,Salvadora,El Tesoro
Molina,Enrique,El Tesoro
Velasco,Jose Francisco,Altamira
San Luis,Maria Esperanza,Altamira
Moyano,Ayoub,Altamira
Conill,Ana Cristina,Altamira
Rodriguez,Manuel,El Salvador
Dumbrava,Fabiola,El Salvador
Alfaro,Yago,El Salvador
Lalana,Maria Nieves,El Salvador
Cobos,Pedro Pablo,El Salvador
Mesbahi,Coral,Container Store (The)
Abad,Omar,Container Store (The)
Oliver,Celestino,Container Store (The)
Hervas,Luis Eduardo,Royal Caribbean Cruises Ltd.
Estades,Jesusa,Royal Caribbean Cruises Ltd.
Tejero,Vidal,Royal Caribbean Cruises Ltd.
Casado,Juan Miguel,Royal Caribbean Cruises Ltd.
Blazquez,Iñaki,Sierra Miranda
De Luz,Ainara,Sierra Miranda
Salvador,Jose Juan,Sierra Miranda
Cristaldo,Concepcion,Sierra Miranda
Marques,Josue,Sierra Miranda
Ariza,Fabio,El Morro
Lopez Cozar,Maria Pilar,El Morro
Olivares,Evaristo,El Morro
Diez,Jose Miguel,El Morro
Alzina,Encarna,Pucobre
Alba,Abraham,Pucobre
El Baroudi,Agueda,Pucobre
Pelaez,Jan,Pucobre
Herrero,Ismael,Corporate Asset Backed Corp CABCO
Aparicio,Eloy,Corporate Asset Backed Corp CABCO
Cuesta,Arnau,Corporate Asset Backed Corp CABCO
Serna,Primitivo,"SeaChange International, Inc."
Andrea,Sacramento,"SeaChange International, Inc."
Padilla,Luis Alberto,"SeaChange International, Inc."
Canelles,Arantxa,"SeaChange International, Inc."
Burgos,Aleix,"SeaChange International, Inc."
Rosino,Rosa,Entercom Communications Corporation
Arillo,Marta Maria,Entercom Communications Corporation
Del Valle,Manuel Francisco,Entercom Communications Corporation
Navarro,Jose Maria,La Marcelina
Dobra,Carlota,La Marcelina
Franco,Antonio Jose,La Marcelina
Dos Santos,Juan David,La Marcelina
Conde,Jonatan,Gabriela Mistral
Osle,Fatima,Gabriela Mistral
Redondo,Antonio Jesus,Gabriela Mistral
Conill,Ana Cristina,Gabriela Mistral
Perez,Jose Luis,Gabriela Mistral
Llamas,Marino,Arch Capital Group Ltd.
Sante,Manuela,Arch Capital Group Ltd.
Ruiz,Carlos,Arch Capital Group Ltd.
Dobra,Carlota,Arch Capital Group Ltd.
Rodrigo,Alonso,Arch Capital Group Ltd.
Noguera,Bautista,Antucoya
Cousido,Rosa Maria,Antucoya
Ortiz,Raul,Antucoya
Reula,Maria Laura,Antucoya
Galvez,Unai,Antucoya
Perea,Marcelo,Carola
Valero,Ernesto,Carola
Renes,Inocencia,Carola
Navarro,Jose Maria,Carola
Camara,Benigno,PowerShares KBW High Dividend Yield Financial Portfolio
Merello,Alexia,PowerShares KBW High Dividend Yield Financial Portfolio
Barrio,Hamza,PowerShares KBW High Dividend Yield Financial Portfolio
Espejo,Aimar,PowerShares KBW High Dividend Yield Financial Portfolio
Pascual,Mariano,Spence
Esteruelas,Sandra Maria,Spence
Serna,Primitivo,Spence
Sierra,Pau,Cerro Blanco
Puges,Elsa,Cerro Blanco
Valenzuela,Jesus Miguel,Cerro Blanco
Juarez,Robert,Haldeman - Sagasca
Correa,Ezequiel,Haldeman - Sagasca
Almeria,Pastora,Haldeman - Sagasca
Paniagua,Noel,Haldeman - Sagasca
Da Silva,Nestor,Victoria
Laviana,Avelina,Victoria
Merino,Rodrigo,Victoria
Reines,Eusebia,Victoria
Ordoñez,Vasile,L.B. Foster Company
Lamrani,Consuelo,L.B. Foster Company
Vela,Clemente,L.B. Foster Company
Duñabeitia,Estrella,L.B. Foster Company
Rey,Lucas,L.B. Foster Company
Zambrano,Alberto Jose,Regal Entertainment Group
Fabero,Isidora,Regal Entertainment Group
Menendez,Mateo,Regal Entertainment Group
Alfaro,Yago,Regal Entertainment Group
Aparicio,Eloy,Celite - Tana
Cabeo,Maria Piedad,Celite - Tana
Herrero,Ismael,Celite - Tana
Cucharero,Malika,Celite - Tana
Jurado,Oriol,Celite - Tana
Barba,Anastasio,iPath US Treasury Long Bond Bear ETN
Djalo,Ariadna,iPath US Treasury Long Bond Bear ETN
Guijarro,Aquilino,iPath US Treasury Long Bond Bear ETN
Holt,Monica,iPath US Treasury Long Bond Bear ETN
Salgado,Juan Diego,Cambrex Corporation
Maresma,Maria Soledad,Cambrex Corporation
Pinto,Marcial,Cambrex Corporation
Solis,Fabian,Cambrex Corporation
De La Haza,Nadia,Pure Cycle Corporation
Heras,Jose Alejandro,Pure Cycle Corporation
Tristante,Anna Maria,Pure Cycle Corporation
Roman,Gregorio,Ojos del Salado
Bures,Maria Purificacion,Ojos del Salado
Vila,Bernardo,Ojos del Salado
Estades,Jesusa,Ojos del Salado
Pastor,Victor Manuel,Ojos del Salado
Bonnet,Iluminada,Caupolicán
Relloso,Alfonsa,Caupolicán
Hervas,Luis Eduardo,Caupolicán
Bello,Stefan,EPR Properties
Gamez,Ibai,EPR Properties
Vilana,Cristina Maria,EPR Properties
Santamaria,Dario,EPR Properties
Rincon,Valeriano,First Trust Emerging Markets Small Cap AlphaDEX Fund
Celador,Sarai,First Trust Emerging Markets Small Cap AlphaDEX Fund
Puig,Fidel,First Trust Emerging Markets Small Cap AlphaDEX Fund
Niculescu,Maria Antonia,First Trust Emerging Markets Small Cap AlphaDEX Fund
Huerta,Severino,First Trust Emerging Markets Small Cap AlphaDEX Fund
Hurtado,Jeronimo,Aircastle Limited
Cabeo,Maria Piedad,Aircastle Limited
Lazaro,Teodoro,Aircastle Limited
Peinado,Manuel Alejandro,Aircastle Limited
Palacios,Christian,Esperanza
Marco,Ferran,Esperanza
Irun,Maite,Esperanza
Garcia,Antonio,Esperanza
Alcaraz,Carlos Manuel,BLDRS Asia 50 ADR Index Fund
Zuheros,Maria Estrella,BLDRS Asia 50 ADR Index Fund
Quesada,Gheorghe,BLDRS Asia 50 ADR Index Fund
Granados,Eulogio,Western Asset Bond Fund
Aliaño,Eulalia,Western Asset Bond Fund
Casas,Jon,Western Asset Bond Fund
Toro,Francisco Borja,Forum Merger Corporation
Betolaza,Gemma,Forum Merger Corporation
Ruiz De Arcaute,Julia Maria,Forum Merger Corporation
Saez,Luis Miguel,Forum Merger Corporation
Gordillo,Eleuterio,Nuveen Michigan Quality Municipal Income Fund
Vilda,Maria Elvira,Nuveen Michigan Quality Municipal Income Fund
Dorado,Higinio,Nuveen Michigan Quality Municipal Income Fund
Mollo,Salud,Nuveen Michigan Quality Municipal Income Fund
Bonilla,Yeray,Nuveen Michigan Quality Municipal Income Fund
Carrera,Jose Fernando,"Discovery Communications, Inc."
Marica,Anna,"Discovery Communications, Inc."
Carmona,Jose Angel,"Discovery Communications, Inc."
Butragueño,Marina,"Discovery Communications, Inc."
Manzano,Jose Enrique,"Discovery Communications, Inc."
Acosta,Josep Maria,Drive Shack Inc.
Castañar,Martina,Drive Shack Inc.
Exposito,Gerardo,Drive Shack Inc.
Maravilla,Covadonga,Drive Shack Inc.
Solano,Mamadou,Drive Shack Inc.
Saenz,Jose Pablo,"Mid-America Apartment Communities, Inc."
Hurtado,Jeronimo,"Mid-America Apartment Communities, Inc."
Martos,Gorka,STMicroelectronics N.V.
Senso,Josefa,STMicroelectronics N.V.
Riera,Antonio Miguel,STMicroelectronics N.V.
Peyro,Laila,STMicroelectronics N.V.
Belmonte,Michael,STMicroelectronics N.V.
Callis,Fuensanta,RenaissanceRe Holdings Ltd.
Serna,Primitivo,RenaissanceRe Holdings Ltd.
Villa,Jairo,RenaissanceRe Holdings Ltd.
Leach,Antonia Maria,"LTC Properties, Inc."
Alba,Abraham,"LTC Properties, Inc."
Barba,Anastasio,"LTC Properties, Inc."
Carvajal,Luis Francisco,El Guindo
Muntadas,Susana,El Guindo
Lorente,Luis Manuel,El Guindo
Palomo,Bernardino,El Guindo
Puente,Francisco Luis,Cerro Bayo
Marica,Anna,Cerro Bayo
Caballero,Mohamed,Cerro Bayo
Navarro,Jose Maria,Cerro Bayo
Quintero,Khalid,Kite Realty Group Trust
Wojcik,Maria Aranzazu,Kite Realty Group Trust
Vidal,Jordi,Kite Realty Group Trust
Bowen,Catalina,"XO Group, Inc."
Castro,Alvaro,"XO Group, Inc."
Molinares,Gema Maria,"XO Group, Inc."
Lago,Andoni,"XO Group, Inc."
Rico,Aurelio,SQM Salar
Gallent,Gema,SQM Salar
De Miguel,Victor Jose,SQM Salar
Amaya,Maximiliano,El Abra
Bahri,Maria Encarnacion,El Abra
Pizarro,Markel,El Abra
Avila,Roger,"Destination XL Group, Inc."
Ortegon,Marcela,"Destination XL Group, Inc."
Blasco,Francisco Jesus,"Destination XL Group, Inc."
Akhrif,Maria Cinta,"Destination XL Group, Inc."
Sante,Manuela,Escondida
Saenz,Jose Pablo,Escondida
Calderon,Juan Jesus,BLDRS Developed Markets 100 ADR Index Fund
Lancis,Natalia,BLDRS Developed Markets 100 ADR Index Fund
Vega,Gabriel,BLDRS Developed Markets 100 ADR Index Fund
Tristante,Anna Maria,BLDRS Developed Markets 100 ADR Index Fund
Pino,Roberto Carlos,Navío
Cidre,Gloria,Navío
Santana,Domingo,Navío
Sellers,Lola,Navío
Cerezo,Jose Felix,Navío
Frias,Adan,"Franklin Financial Network, Inc."
Menguiano,Lourdes,"Franklin Financial Network, Inc."
Vergara,Casimiro,"Franklin Financial Network, Inc."
Costa,Pol,"Franklin Financial Network, Inc."
Silio,Maria Nuria,Cóndor
Roman,Gregorio,Cóndor
Chulian,Gabriela,Cóndor
Guijarro,Aquilino,Cóndor
Dos Santos,Juan David,Punta de Lobos - Kanita
Herance,Olivia,Punta de Lobos - Kanita
Barrera,Jose Joaquin,Punta de Lobos - Kanita
Vias,Maria Merce,Punta de Lobos - Kanita
Dos Santos,Juan David,Kamada Ltd.
Cristofol,Anastasia,Kamada Ltd.
Fuentes,Felix,Kamada Ltd.
Golan,Laura,Kamada Ltd.
Sanchez,Jose Antonio,Kamada Ltd.
Bando,Luisa Maria,Marte Lobo
Polo,Modesto,Marte Lobo
Rina,Maria Dolors,Marte Lobo
Galan,Jose Vicente,Marte Lobo
Tristante,Anna Maria,El Toqui
Rueda,Juan Pablo,El Toqui
Sambola,Otilia,El Toqui
Mena,Luis Maria,El Toqui
Correa,Ezequiel,Cowen Inc.
Gosende,Belen,Cowen Inc.
Olmedo,Peter,Cowen Inc.
Abad,Omar,"Nutanix, Inc."
Gosende,Belen,"Nutanix, Inc."
Granados,Eulogio,"Nutanix, Inc."
Cabarrocas,Maria Remedios,"Nutanix, Inc."
Carrion,Adam,"Nutanix, Inc."
Carvajal,Luis Francisco,Janus Henderson Small Cap Growth Alpha ETF
Contreras,Joel,Janus Henderson Small Cap Growth Alpha ETF
Fermosel,Felicitas,Janus Henderson Small Cap Growth Alpha ETF
Oliva,Emiliano,Janus Henderson Small Cap Growth Alpha ETF
Herrera,Marcos,Chimborazo
Ochovo,Eugenia,Chimborazo
Mateo,Antonio Manuel,Chimborazo
Caton,Remedios,Chimborazo
De La Fuente,Kevin,Chimborazo
Peña,Julio,Cerro Casale
Amargant,Elena Maria,Cerro Casale
Heras,Jose Alejandro,Cerro Casale
Rojo,Maximo,Cerro Casale
Santamaria,Dario,China Cord Blood Corporation
Casafont,Jana,China Cord Blood Corporation
Mallor,Maria Juana,China Cord Blood Corporation
El Hamdi,Maria Angustias,Novanta Inc.
Velazquez,Antonio Luis,Novanta Inc.
Seglar,Justa,Novanta Inc.
Solano,Mamadou,CMP - Los Colorados
Olmedo,Peter,CMP - Los Colorados
Carcas,Sonia Maria,CMP - Los Colorados
Egea,Lazaro,CMP - Los Colorados
Miguel,Pedro Antonio,U.S. Energy Corp.
Arroyo,Jaume,U.S. Energy Corp.
Paniza,Maria Jose,U.S. Energy Corp.
Castaño,Roman,U.S. Energy Corp.
Salon,Lara,NVIDIA Corporation
Pascual,Mariano,NVIDIA Corporation
Ortegon,Marcela,NVIDIA Corporation
Pizarro,Markel,NVIDIA Corporation
Gimenez,Nicolas,"Argos Therapeutics, Inc."
Miracle,Maria Milagros,"Argos Therapeutics, Inc."
Cucharero,Malika,"Argos Therapeutics, Inc."
Salcedo,Carlos Antonio,"Argos Therapeutics, Inc."
Valles,Vicent,Guaranty Bancorp
Plagaro,Leyre,Guaranty Bancorp
Estevez,Jose Alberto,Guaranty Bancorp
Caelles,Francisca,Guaranty Bancorp
Cuadrado,Hicham,Inseego Corp.
Mije,Mercedes,Inseego Corp.
Valdes,Driss,Inseego Corp.
Plagaro,Leyre,Inseego Corp.
Araujo,Abelardo,Inseego Corp.
Pineda,Francesc Xavier,Peapack-Gladstone Financial Corporation
Garmilla,Luna,Peapack-Gladstone Financial Corporation
Santamaria,Dario,Peapack-Gladstone Financial Corporation
Ciruela,Elisa,Peapack-Gladstone Financial Corporation
Cervera,Aritz,Peapack-Gladstone Financial Corporation
Sala,Juan Alberto,"German American Bancorp, Inc."
Muriano,Claudia,"German American Bancorp, Inc."
Paz,Joaquim,"German American Bancorp, Inc."
Laina,Hortensia,"German American Bancorp, Inc."
Andrade,Genaro,"German American Bancorp, Inc."
Juarez,Robert,La Picarda
Garaizabal,Maria Luisa,La Picarda
Dorado,Higinio,La Picarda
El Mahi,Filomena,La Picarda
Soriano,Juan Ramon,"Apple Hospitality REIT, Inc."
Lodos,Maria Desamparados,"Apple Hospitality REIT, Inc."
Palma,Joseba,"Apple Hospitality REIT, Inc."
Ardao,Luz Marina,"Apple Hospitality REIT, Inc."
Martos,Gorka,"Apple Hospitality REIT, Inc."
Romero,Alejandro,"TC PipeLines, LP"
Peralta,Mauro,"TC PipeLines, LP"
Barrio,Hamza,"TC PipeLines, LP"
Rosa,Rufino,"Nustar GP Holdings, LLC"
Casqueiro,Dolors,"Nustar GP Holdings, LLC"
Carmona,Jose Angel,"Nustar GP Holdings, LLC"
Becerra,Rodolfo,Cosayach - Cala Cala
Borjabad,Maria Vicenta,Cosayach - Cala Cala
Miraz,Maria Angela,Cosayach - Cala Cala
Figueroa,Pablo Jose,Cosayach - Cala Cala
Caro,Emilio Jose,Georgia Power Company
Curtis,Andrea,Georgia Power Company
Carrasco,Jose Ramon,Georgia Power Company
Morillo,Hipolito,Georgia Power Company
Darkaoui,Estela,PowerShares BuyBack Achievers Portfolio
Araujo,Abelardo,PowerShares BuyBack Achievers Portfolio
Avellana,Maria Concepcion,PowerShares BuyBack Achievers Portfolio
Caelles,Francisca,Costamare Inc.
Lafuente,Antonio Maria,Costamare Inc.
Lodos,Maria Desamparados,Costamare Inc.
Redondo,Antonio Jesus,Costamare Inc.
Segovia,Maximino,Gilat Satellite Networks Ltd.
Dobrev,Silvia,Gilat Satellite Networks Ltd.
Hompanera,Carme,Gilat Satellite Networks Ltd.
Palacios,Christian,Gilat Satellite Networks Ltd.
Luna,Justo,The9 Limited
Arisa,Maria Celia,The9 Limited
Piñeiro,Juan Angel,The9 Limited
Gasset,Maria Isabel,The9 Limited
Sala,Juan Alberto,The9 Limited
Bueno,Federico,"Taiwan Fund, Inc. (The)"
Libano,Maria Salud,"Taiwan Fund, Inc. (The)"
Miracle,Maria Milagros,"Taiwan Fund, Inc. (The)"
Quesada,Gheorghe,Entegra Financial Corp.
Aranzadi,Victorina,Entegra Financial Corp.
Roman,Gregorio,Entegra Financial Corp.
Villasuso,Maria Fernanda,Entegra Financial Corp.
Cid,Manel,Entegra Financial Corp.
Oliver,Celestino,Torchmark Corporation
Ruano,Abderrahim,Torchmark Corporation
Villagarcia,Maria Consolacion,Torchmark Corporation
Cordoba,Julen,Torchmark Corporation
Pinto,Marcial,SAP SE
Regodon,Araceli,SAP SE
Valle,Damian,SAP SE
Zuheros,Maria Estrella,SAP SE
Poveda,Jose Emilio,SAP SE
Ruiz De Arcaute,Julia Maria,"Appliance Recycling Centers of America, Inc."
Cruz,Ricardo,"Appliance Recycling Centers of America, Inc."
Mogio,Angelina,"Appliance Recycling Centers of America, Inc."
Quesada,Gheorghe,"Appliance Recycling Centers of America, Inc."
Delgado,Vicente,Punitaqui
Acereda,Carmen Rosa,Punitaqui
Buide,Feliciana,Schwager
Diez,Jose Miguel,Schwager
Bartomeu,Ana Maria,Schwager
Jorge,Bilal,Schwager
Soler,Juan Luis,Old Republic International Corporation
Alzina,Encarna,Old Republic International Corporation
Juan,Izan,Old Republic International Corporation
El Baroudi,Agueda,Old Republic International Corporation
Fraile,Marius,Old Republic International Corporation
Vargas,Aitor,"Cleveland BioLabs, Inc."
Sotodosos,Maria Lourdes,"Cleveland BioLabs, Inc."
Masvidal,Jesica,"Cleveland BioLabs, Inc."
Toledo,Antonio Javier,Pampa Camarones
Cenoz,Guillermina,Pampa Camarones
Foncillas,Noelia,Pampa Camarones
Miralles,Patricio,Pampa Camarones
Benitez,Samuel,Bronce de Petorca
De Frias,Saturnina,Bronce de Petorca
Saenz,Jose Pablo,Bronce de Petorca
Posado,Teresa Jesus,Bronce de Petorca
Guerra,Pascual,Bronce de Petorca
Alcaraz,Carlos Manuel,"Gabelli Equity Trust, Inc. (The)"
Alzina,Encarna,"Gabelli Equity Trust, Inc. (The)"
Santos,Santiago,"Gabelli Equity Trust, Inc. (The)"
Urrego,Ramona,"Gabelli Equity Trust, Inc. (The)"
Miranda,Marcelino,"Gabelli Equity Trust, Inc. (The)"
Huerta,Severino,Cerro Negro
Caro,Emilio Jose,Cerro Negro
Paz,Joaquim,Cerro Negro
Calota,Maria Aurora,Andacollo Cobre
Cortes,Victor,Andacollo Cobre
Pruneda,Zaira,Andacollo Cobre
Ponce,Gines,Andacollo Cobre
Olivares,Evaristo,"Meridian Waste Solutions, Inc"
Bedialauneta,Pilar,"Meridian Waste Solutions, Inc"
Tomas,Marco Antonio,"Meridian Waste Solutions, Inc"
Nouri,Clara,"Meridian Waste Solutions, Inc"
Carmona,Jose Angel,"Meridian Waste Solutions, Inc"
Rojas,Eugenio,"Kayne Anderson Energy Total Return Fund, Inc."
Corrons,Mariam,"Kayne Anderson Energy Total Return Fund, Inc."
Tena,Augusto,"Kayne Anderson Energy Total Return Fund, Inc."
Paz,Joaquim,"Kayne Anderson Energy Total Return Fund, Inc."
Melero,Alan,Limoneira Co
Rosales,Ignasi,Limoneira Co
Cabeo,Maria Piedad,Limoneira Co
Saez,Luis Miguel,"First Financial Bankshares, Inc."
Duñabeitia,Estrella,"First Financial Bankshares, Inc."
Palma,Joseba,"First Financial Bankshares, Inc."
Escobero,Maria Rocio,"First Financial Bankshares, Inc."
Cabezas,Lucio,"Cyclacel Pharmaceuticals, Inc."
Trasmonte,Erika,"Cyclacel Pharmaceuticals, Inc."
Tejero,Vidal,Crawford & Company
Alocen,Mireia,Crawford & Company
Borrego,Roque,Crawford & Company
Esteruelas,Sandra Maria,Crawford & Company
Toledo,Antonio Javier,Crawford & Company
Miñones,Valentina,"Delcath Systems, Inc."
Fraile,Marius,"Delcath Systems, Inc."
Merello,Alexia,"Delcath Systems, Inc."
Rey,Lucas,"Delcath Systems, Inc."
Barrera,Jose Joaquin,"Ashford Hospitality Prime, Inc."
Contijoch,Khadija,"Ashford Hospitality Prime, Inc."
Pardo,Iker,"Ashford Hospitality Prime, Inc."
Lopez Cozar,Maria Pilar,"Ashford Hospitality Prime, Inc."
Rebollo,John,"Rush Enterprises, Inc."
Hadi,Idoia,"Rush Enterprises, Inc."
Ganzo,Joana,"Rush Enterprises, Inc."
Calvo,Salvador,"Rush Enterprises, Inc."
Amador,Paulino,GlaxoSmithKline PLC
Porras,Leopoldo,GlaxoSmithKline PLC
Portes,Sofia,GlaxoSmithKline PLC
Mateu,Jose Alfonso,GlaxoSmithKline PLC
Casas,Jon,Great Plains Energy Inc
Urrego,Ramona,Great Plains Energy Inc
Corral,Leonardo,Great Plains Energy Inc
Calero,Juan Vicente,Great Plains Energy Inc
Amaya,Maximiliano,"Urban One, Inc. "
Aumente,Ainhoa,"Urban One, Inc. "
Boutahar,Maria Beatriz,"Urban One, Inc. "
Delgado,Vicente,"Urban One, Inc. "
Salon,Lara,Bed Bath & Beyond Inc.
Schulze,Candida,Bed Bath & Beyond Inc.
Vega,Gabriel,Bed Bath & Beyond Inc.
Saez,Luis Miguel,PIMCO Dynamic Credit and Mortgage Income Fund
Peula,Lucia,PIMCO Dynamic Credit and Mortgage Income Fund
Roman,Gregorio,PIMCO Dynamic Credit and Mortgage Income Fund
Linaje,Davinia,PIMCO Dynamic Credit and Mortgage Income Fund
Bermejo,Santos,Apollo Senior Floating Rate Fund Inc.
Mite,Bienvenida,Apollo Senior Floating Rate Fund Inc.
Andreu,Constantin,Apollo Senior Floating Rate Fund Inc.
Bellvis,Maria Gracia,Apollo Senior Floating Rate Fund Inc.
Linares,Ali,Apollo Senior Floating Rate Fund Inc.
Vera,Francisco Manuel,Caserones
Narbon,Mariana,Caserones
Polo,Modesto,Caserones
Foguet,Aurelia,Caserones
Rincon,Valeriano,Caserones
Cebrian,Baldomero,Linderos
Herance,Olivia,Linderos
Pena,Juan Fernando,Linderos
Cidon,Carolina,Linderos
Rico,Aurelio,Linderos
Ramos,Sergio,Andacollo Oro
Tolos,Engracia,Andacollo Oro
Aguilera,Eric,Andacollo Oro
Golderos,Carla,Andacollo Oro
Puig,Fidel,Andacollo Oro
Galvez,Unai,Carvana Co.
Crusat,Leire,Carvana Co.
Sanchez Rey,Yanira,Carvana Co.
Saenz,Jose Pablo,Carvana Co.
Ruales,Palmira,Northern Trust Corporation
Salcedo,Carlos Antonio,Northern Trust Corporation
Liquete,Maria Montserrat,Northern Trust Corporation
Agudo,Ionel,Northern Trust Corporation
Manzana,Ana Isabel,Celite - Tilviche
Merino,Rodrigo,Celite - Tilviche
Cernat,Mirian,Celite - Tilviche
Cosialls,Juana,El Teniente
Cordoba,Julen,El Teniente
Cordoba,Julen,Neff Corporation
Gosende,Belen,Neff Corporation
Del Jesus,Joaquina,Neff Corporation
Arevalo,Muhammad,Neff Corporation
Peralta,Mauro,VictoryShares US 500 Enhanced Volatility Wtd ETF
De La Prida,Visitacion,VictoryShares US 500 Enhanced Volatility Wtd ETF
Sanz,Ivan,VictoryShares US 500 Enhanced Volatility Wtd ETF
Sanchez Gil,Maria Angels,VictoryShares US 500 Enhanced Volatility Wtd ETF
Sala,Juan Alberto,VictoryShares US 500 Enhanced Volatility Wtd ETF
Herrera,Marcos,Flor de Los Andes
Camuña,Silvia Maria,Flor de Los Andes
Ameller,Ignacia,Flor de Los Andes
Palacios,Christian,Flor de Los Andes
Aragon,Alexandre,Isla Riesco
Plagaro,Leyre,Isla Riesco
Salgado,Juan Diego,Isla Riesco
Ballesteros,Luis Fernando,Isla Riesco
Buide,Feliciana,First Trust South Korea AlphaDEX Fund
Maldonado,Said,First Trust South Korea AlphaDEX Fund
Mangana,Amanda,First Trust South Korea AlphaDEX Fund
Arias,Cesar,First Trust South Korea AlphaDEX Fund
Paniagua,Noel,"PDF Solutions, Inc."
Grado,Antia,"PDF Solutions, Inc."
Chaves,Jose Jesus,"PDF Solutions, Inc."
Susarte,Fernanda,"PDF Solutions, Inc."
Herrero,Ismael,"PDF Solutions, Inc."
Alarcon,Blas,Cabot Corporation
Aguado,Marti,Cabot Corporation
Soriano,Juan Ramon,Data Processing
Rebenaque,Florentina,Data Processing
Frias,Adan,Iván
Real,Juan Enrique,Iván
Vilda,Maria Elvira,Iván
Castellano,Francisco Miguel,Iván
Ruiz De Arcaute,Julia Maria,Cosayach - Negreiros
Vega,Gabriel,Cosayach - Negreiros
Bardallo,Maria Natividad,Cosayach - Negreiros
Benito,Aaron,Delta
Buide,Feliciana,Delta
Navarrete,Bienvenido,Delta
Capellades,Marcelina,Delta
Muñoz,Pedro,Delta
Rubio,Adrian,Silvercrest Asset Management Group Inc.
Cristaldo,Concepcion,Silvercrest Asset Management Group Inc.
Villegas,Feliciano,Silvercrest Asset Management Group Inc.
Dilme,Judit,Silvercrest Asset Management Group Inc.
Piñero,Jose Eduardo,Silvercrest Asset Management Group Inc.
Aguirre,Youssef,Tres Valles
Tristante,Anna Maria,Tres Valles
Pelaez,Jan,Tres Valles
Relloso,Alfonsa,Tres Valles
Diaz,Miguel,"Enanta Pharmaceuticals, Inc."
Gabirondo,Helena,"Enanta Pharmaceuticals, Inc."
Angulo,Marcel,"Enanta Pharmaceuticals, Inc."
Borrego,Roque,"Enanta Pharmaceuticals, Inc."
Gallego,Mario,"Safe Bulkers, Inc"
Gruber,Inmaculada Concepcion,"Safe Bulkers, Inc"
Pino,Roberto Carlos,"Safe Bulkers, Inc"
Ayala,Hilario,"Safe Bulkers, Inc"
Gutierrez,Miguel Angel,Pascua
Ruiz Hermosa,Candela,Pascua
Olivares,Evaristo,Pascua
Sotodosos,Maria Lourdes,Pascua
Puente,Francisco Luis,Pascua
Benitez,Samuel,Biglari Holdings Inc.
Calota,Maria Aurora,Biglari Holdings Inc.
Suarez,Ramon,Biglari Holdings Inc.
Montecinos,Patrocinio,Biglari Holdings Inc.
Pla,Urbano,Biglari Holdings Inc.
Royo,Jose Domingo,"Gray Television, Inc."
Freire,Jesus Javier,"Gray Television, Inc."
Serna,Primitivo,"Gray Television, Inc."
Beltran,Fermin,"CatchMark Timber Trust, Inc."
De Luz,Ainara,"CatchMark Timber Trust, Inc."
Blanco,Juan Jose,"CatchMark Timber Trust, Inc."
Bahri,Maria Encarnacion,"CatchMark Timber Trust, Inc."
Collado,Enric,"CatchMark Timber Trust, Inc."
Bolet,Maria Elisa,Las Piedras
Navarrete,Bienvenido,Las Piedras
Salcedo,Carlos Antonio,Las Piedras
Trujillo,Angel Luis,"Western New England Bancorp, Inc."
Betolaza,Gemma,"Western New England Bancorp, Inc."
Miguel,Pedro Antonio,"Western New England Bancorp, Inc."
Guzman,Carles,"Shutterstock, Inc."
Djalo,Ariadna,"Shutterstock, Inc."
Vargas,Aitor,"Shutterstock, Inc."
Paniza,Maria Jose,"Shutterstock, Inc."
Vallejo,Julio Cesar,"FSB Bancorp, Inc."
Canora,Ruth,"FSB Bancorp, Inc."
Samperiz,Esmeralda,"FSB Bancorp, Inc."
Leon,Emilio,"FSB Bancorp, Inc."
Crespo,Jose Ignacio,SQM - Pedro de Valdivia
Casatejada,Georgina,SQM - Pedro de Valdivia
Alarcon,Blas,SQM - Pedro de Valdivia
Mañeru,Angeles,SQM - Pedro de Valdivia
Lucas,Jesus Angel,SQM - Pedro de Valdivia
Macias,Carmelo,United Microelectronics Corporation
Sambola,Otilia,United Microelectronics Corporation
Martinez,David,United Microelectronics Corporation
Portes,Sofia,United Microelectronics Corporation
Vergara,Casimiro,United Microelectronics Corporation
Sainz,Jose Rafael,"Adams Diversified Equity Fund, Inc."
Rodriguez Peral,Anabel,"Adams Diversified Equity Fund, Inc."
Chulian,Gabriela,"Adams Diversified Equity Fund, Inc."
Espinosa,Alex,"Adams Diversified Equity Fund, Inc."
Nuñez,Andres,Tranquilo
Galan,Jose Vicente,Tranquilo
Ochovo,Eugenia,Tranquilo
Aparicio,Eloy,Tranquilo
Pizarro,Markel,Guanaco
Bahri,Maria Encarnacion,Guanaco
Rincon,Valeriano,Guanaco
Sora,Mariona,Guanaco
Gallego,Mario,Guanaco
Noguera,Bautista,PowerShares Nasdaq Internet Portfolio
Molina,Enrique,PowerShares Nasdaq Internet Portfolio
Algara,Olatz,PowerShares Nasdaq Internet Portfolio
Alfaro,Yago,PowerShares Nasdaq Internet Portfolio
Niculescu,Maria Antonia,Lota
Mosquera,Vicente Jose,Lota
Freire,Jesus Javier,Lota
Pascual,Mariano,Diageo plc
Arnay,Valeria,Diageo plc
Alvarez,Jose Manuel,Diageo plc
Miranda,Marcelino,Diageo plc
Castro,Alvaro,El Tofo
Crehuet,Virginia,El Tofo
Hurtado,Jeronimo,El Tofo
Mitrea,Jacinta,El Tofo
Rey,Lucas,El Tofo
Carrera,Jose Fernando,Fair Isaac Corporation
Mongay,Josefa Maria,Fair Isaac Corporation
Toro,Francisco Borja,Fair Isaac Corporation
Avila,Roger,PTC Inc.
Amargant,Elena Maria,PTC Inc.
Angueira,Saida,PTC Inc.
Galvez,Unai,PTC Inc.
Salcedo,Carlos Antonio,E.I. du Pont de Nemours and Company
Bartomeu,Ana Maria,E.I. du Pont de Nemours and Company
Godoy,Herminio,E.I. du Pont de Nemours and Company
Gil De Gomez,Emiliana,E.I. du Pont de Nemours and Company
Cantero,Imanol,E.I. du Pont de Nemours and Company
Luque,Pedro Jose,Stamps.com Inc.
Carabaño,Natividad,Stamps.com Inc.
Cordero,Guillem,Stamps.com Inc.
Capellades,Marcelina,Stamps.com Inc.
Ruiz,Carlos,Stamps.com Inc.
Ventura,Camilo,Vina Concha Y Toro
De Los Bueis,Sara,Vina Concha Y Toro
Valle,Damian,Vina Concha Y Toro
Borrego,Roque,Vina Concha Y Toro
Barragan,Fulgencio,"Tootsie Roll Industries, Inc."
Furundarena,Angelica,"Tootsie Roll Industries, Inc."
Muñoz,Pedro,"Tootsie Roll Industries, Inc."
Sola,Pedro Maria,"Tootsie Roll Industries, Inc."
Poveda,Jose Emilio,Manto Verde
Mije,Mercedes,Manto Verde
Carrillo,Mohammed,Manto Verde
El Hamdi,Maria Angustias,Manto Verde
Rodrigo,Alonso,Manto Verde
Bartolome,Marcos Antonio,"Ellie Mae, Inc."
Aedo,Trinidad,"Ellie Mae, Inc."
Grande,Jorge Juan,"Ellie Mae, Inc."
Domenech,Andreu,"Ellie Mae, Inc."
Moto,Yaiza,"The Chefs' Warehouse, Inc."
Pozo,Pedro Luis,"The Chefs' Warehouse, Inc."
Muriano,Claudia,"The Chefs' Warehouse, Inc."
Cerezo,Jose Felix,"The Chefs' Warehouse, Inc."
Sastre,Pedro Javier,Quiborax
Miraz,Maria Angela,Quiborax
Canora,Ruth,Quiborax
Gallardo,Xavier,Quiborax
Salguero,Ibon,"India Fund, Inc. (The)"
Marica,Anna,"India Fund, Inc. (The)"
Coego,Amina,"India Fund, Inc. (The)"
Estrada,Brais,"India Fund, Inc. (The)"
Pineda,Francesc Xavier,Gladstone Commercial Corporation
Juanico,Maider,Gladstone Commercial Corporation
Estevez,Jose Alberto,Gladstone Commercial Corporation
Bartomeu,Ana Maria,Gladstone Commercial Corporation
Gonzalo,Didac,Gladstone Commercial Corporation
Aranda,Eusebio,Check-Cap Ltd.
Peula,Lucia,Check-Cap Ltd.
Aviles,Venancio,"Investors Bancorp, Inc."
Carrasco,Jose Ramon,"Investors Bancorp, Inc."
Merelas,Nagore,"Investors Bancorp, Inc."
Salgado,Juan Diego,"Investors Bancorp, Inc."
Cordoba,Julen,"MasTec, Inc."
Matache,Maria Alicia,"MasTec, Inc."
Galvez,Unai,"MasTec, Inc."
Andrade,Genaro,"MasTec, Inc."
Rojo,Maximo,Las Pataguas
Hadi,Idoia,Las Pataguas
Olmo,Isaias,Las Pataguas
Latorre,Amadeo,Las Luces
Cucharero,Malika,Las Luces
Domingo,Claudio,Las Luces
Miteva,Maria Cruz,Las Luces
Recio,Fernando Jose,Las Luces
Salon,Lara,DRDGOLD Limited
Chamorro,Virgilio,DRDGOLD Limited
Baena,Angel Maria,DRDGOLD Limited
Aragon,Alexandre,Johnson & Johnson
Aliaño,Eulalia,Johnson & Johnson
Alvarez,Jose Manuel,Johnson & Johnson
Irun,Maite,Johnson & Johnson
Grande,Jorge Juan,Cosayach - Soledad
Rosaleny,Aitana,Cosayach - Soledad
Solis,Fabian,Cosayach - Soledad
Fabero,Isidora,Cosayach - Soledad
Garzon,Aziz,Cosayach - Soledad
Barrios,Raimundo,Nuveen Municipal High Income Opportunity Fund
Nouri,Clara,Nuveen Municipal High Income Opportunity Fund
Morcillo,Jose Gabriel,Nuveen Municipal High Income Opportunity Fund
Guaza,Paula,Nuveen Municipal High Income Opportunity Fund
Valero,Ernesto,Nuveen Municipal High Income Opportunity Fund
Arranz,Josu,"Herman Miller, Inc."
Betolaza,Gemma,"Herman Miller, Inc."
Villegas,Feliciano,"Herman Miller, Inc."
Revollo,Ines Maria,"Herman Miller, Inc."
Gutierrez,Miguel Angel,"Herman Miller, Inc."
Vera,Francisco Manuel,III de Atacama Kozan
Tarrats,Maria Blanca,III de Atacama Kozan
Nicolas,Demetrio,III de Atacama Kozan
Baco,Meritxell,III de Atacama Kozan
Plaza,Lluis,III de Atacama Kozan
Cardenas,Manuel Jose,Fidus Investment Corporation
Giol,Saray,Fidus Investment Corporation
Corral,Leonardo,Fidus Investment Corporation
Posado,Teresa Jesus,Fidus Investment Corporation
Mateos,Bartolome,Fidus Investment Corporation
Linacero,Matilde,"Portola Pharmaceuticals, Inc."
Quintero,Khalid,"Portola Pharmaceuticals, Inc."
Cidre,Gloria,"Portola Pharmaceuticals, Inc."
Luque,Pedro Jose,"Portola Pharmaceuticals, Inc."
Andreu,Constantin,Great Elm Capital Corp.
Verdia,Maria Teresa,Great Elm Capital Corp.
Saez,Luis Miguel,Great Elm Capital Corp.
Ardoy,Noemi,Great Elm Capital Corp.
Santos,Santiago,Great Elm Capital Corp.
Escobar,Candido,Cordillera - Tenardita
Leal,Edgar,Cordillera - Tenardita
Butragueño,Marina,Cordillera - Tenardita
Olivares,Evaristo,Cordillera - Tenardita
Villegas,Feliciano,"Avenue Therapeutics, Inc."
Tarrats,Maria Blanca,"Avenue Therapeutics, Inc."
Araujo,Abelardo,"Avenue Therapeutics, Inc."
Camacho,German,Pullalli
Renes,Inocencia,Pullalli
Valero,Ernesto,Pullalli
Giol,Saray,Pullalli
Sainz,Jose Rafael,Pullalli
Lazcoz,Nuria,Los Bronces
Ramos,Sergio,Los Bronces
Cucharero,Malika,Los Bronces
Fuentes,Felix,Los Bronces
Jorge,Bilal,"Pepsico, Inc."
Ungria,Berta,"Pepsico, Inc."
Clemente,Juan Dios,"Pepsico, Inc."
Collado,Enric,Candelaria
De Caceres,Maria Olga,Candelaria
Millan,Florencio,Candelaria
Lascu,Vicenta,Candelaria
Rosa,Rufino,Candelaria
Estrada,Brais,West Corporation
Portes,Sofia,West Corporation
Oyaga,Clotilde,West Corporation
Herranz,Jesus Antonio,West Corporation
Tejero,Vidal,Pupunahue
Pozon,Estibaliz,Pupunahue
Nicolas,Demetrio,Pupunahue
Pineda,Francesc Xavier,Pupunahue
Arias,Cesar,Dollar General Corporation
Azam,Basilisa,Dollar General Corporation
Miraz,Maria Angela,Dollar General Corporation
Vives,Viorel,Dollar General Corporation
Saez,Luis Miguel,Bright Scholar Education Holdings Limited
Relloso,Alfonsa,Bright Scholar Education Holdings Limited
Redondo,Antonio Jesus,Bright Scholar Education Holdings Limited
Mollo,Salud,Bright Scholar Education Holdings Limited
Robles,Juan Pedro,Bright Scholar Education Holdings Limited
Montoya,Xabier,"Zynerba Pharmaceuticals, Inc."
Chaos,Esther,"Zynerba Pharmaceuticals, Inc."
Arce,Denis,"Zynerba Pharmaceuticals, Inc."
Aliaño,Eulalia,"Zynerba Pharmaceuticals, Inc."
Luna,Justo,"Zynerba Pharmaceuticals, Inc."
Ramirez,Alberto,CMP - Romeral
Esparrago,Aida,CMP - Romeral
Silva,Jose Javier,CMP - Romeral
Bedialauneta,Pilar,CMP - Romeral
Nieto,Gonzalo,CMP - Romeral
Da Silva,Nestor,Pinatolca
Diaconescu,Aranzazu,Pinatolca
Medina,Ruben,Pinatolca
Rojo,Maximo,Pinatolca
Algara,Olatz,Cohen & Steers Reit and Preferred Income Fund Inc
Rodriguez,Manuel,Cohen & Steers Reit and Preferred Income Fund Inc
Bauset,Maialen,Cohen & Steers Reit and Preferred Income Fund Inc
Rubio,Adrian,B.O.S. Better Online Solutions
Hadi,Idoia,B.O.S. Better Online Solutions
Ugarteburu,Gregoria,B.O.S. Better Online Solutions
Marco,Ferran,B.O.S. Better Online Solutions
Nuñez,Andres,Hamilton Lane Incorporated
Chahlal,Magdalena,Hamilton Lane Incorporated
Gimenez,Nicolas,Hamilton Lane Incorporated
Bratos,Ascension,Hamilton Lane Incorporated
De Miguel,Victor Jose,Hamilton Lane Incorporated
Dos Santos,Juan David,ENGlobal Corporation
Vega,Gabriel,ENGlobal Corporation
Arabaolaza,Samira,ENGlobal Corporation
Cobos,Pedro Pablo,ENGlobal Corporation
Avila,Roger,Incyte Corporation
Cimarra,Rosana,Incyte Corporation
Pelaez,Jan,Incyte Corporation
Osle,Fatima,Incyte Corporation
Serra,Elias,Incyte Corporation
Solano,Mamadou,"Westbury Bancorp, Inc."
Martin Delgado,Aina,"Westbury Bancorp, Inc."
Ortiz,Raul,"Westbury Bancorp, Inc."
Valldeperas,Tamara,"Westbury Bancorp, Inc."
Olmo,Isaias,"Westbury Bancorp, Inc."
Mateo,Antonio Manuel,"HD Supply Holdings, Inc."
Rubiños,Soraya,"HD Supply Holdings, Inc."
Arranz,Josu,"HD Supply Holdings, Inc."
Ruiz Hermosa,Candela,"HD Supply Holdings, Inc."
Miralles,Patricio,"HD Supply Holdings, Inc."
Bonilla,Yeray,BRF S.A.
Justes,Maria Josefa,BRF S.A.
Roca,Antoni,BRF S.A.
Singla,Felisa,BRF S.A.
Vargas,Aitor,BRF S.A.
Latorre,Amadeo,Zaldívar
Estrada,Brais,Zaldívar
Lobato,Melchor,Zaldívar
Millan,Florencio,"Aspen Technology, Inc."
Akdi,Victoria,"Aspen Technology, Inc."
Carrillo,Mohammed,"Aspen Technology, Inc."
Niembro,Nerea,"Aspen Technology, Inc."
Millan,Florencio,"Aspen Technology, Inc."
Tejero,Vidal,"Entergy Louisiana, Inc."
Almeria,Pastora,"Entergy Louisiana, Inc."
Herrero,Ismael,"Entergy Louisiana, Inc."
Re,Salma,"Entergy Louisiana, Inc."
Aragon,Alexandre,"Entergy Louisiana, Inc."
Ocaña,Teofilo,Independence Holding Company
Mecinas,Aicha,Independence Holding Company
Herranz,Jesus Antonio,Independence Holding Company
Lefter,Adelina,Independence Holding Company
Beltran,Fermin,Independence Holding Company
Mata,Luis Angel,"Midland States Bancorp, Inc."
Pazos,Pelayo,"Midland States Bancorp, Inc."
Villa,Jairo,Patriot National Bancorp Inc.
Niculescu,Maria Antonia,Patriot National Bancorp Inc.
Guerrero,Jaime,Patriot National Bancorp Inc.
Mariñelarena,Maria Julia,Patriot National Bancorp Inc.
Conde,Jonatan,Talcuna
Castellot,Aurora,Talcuna
Truchado,Elizabeth,Talcuna
Aguilar,Marc,Talcuna
Recio,Fernando Jose,"Blackhawk Network Holdings, Inc."
Oyaga,Clotilde,"Blackhawk Network Holdings, Inc."
Cordero,Guillem,"Blackhawk Network Holdings, Inc."
Gallardo,Xavier,Natl Westminster Pfd
Cabalgante,Gloria Maria,Natl Westminster Pfd
Riera,Antonio Miguel,Natl Westminster Pfd
Dorobantu,Paulina,Natl Westminster Pfd
Olmo,Isaias,Natl Westminster Pfd
Gimenez,Nicolas,"AMC Entertainment Holdings, Inc."
Acosta,Josep Maria,"AMC Entertainment Holdings, Inc."
Mora,Hugo,Salesforce.com Inc
Esteruelas,Sandra Maria,Salesforce.com Inc
Ibañez,Alfredo,Salesforce.com Inc
Andreu,Constantin,Salesforce.com Inc
Casado,Juan Miguel,"Ocular Therapeutix, Inc."
Pica,Edurne,"Ocular Therapeutix, Inc."
Roig,Pedro Manuel,"Ocular Therapeutix, Inc."
Rovira,Pedro Miguel,"Hawkins, Inc."
Valenzuela,Jesus Miguel,"Hawkins, Inc."
Lalwani,Leticia,"Hawkins, Inc."
Cuadrado,Hicham,"Hawkins, Inc."
Casanova,Abdellah,Colico Sur
Madrid,Antonio Francisco,Colico Sur
Barberia,Adela,Colico Sur
Perez,Jose Luis,Colico Sur
Valdes,Driss,El Peñón
De La Torre,Marco,El Peñón
Oyanguren,Dolores,El Peñón
Pons,Isidoro,El Peñón
Flores,Agustin,CoreSite Realty Corporation
Rael,Veronica,CoreSite Realty Corporation
Sala,Juan Alberto,CoreSite Realty Corporation
Chelaru,Maria Mar,CoreSite Realty Corporation
Mateos,Bartolome,CoreSite Realty Corporation
Calero,Juan Vicente,Western Alliance Bancorporation
Valldeperas,Tamara,Western Alliance Bancorporation
Leal,Edgar,Western Alliance Bancorporation
Pare,Maria Reyes,Western Alliance Bancorporation
Lafuente,Antonio Maria,Western Alliance Bancorporation
Montoya,Xabier,Alliance National Municipal Income Fund Inc
Baucells,Tomasa,Alliance National Municipal Income Fund Inc
Cuesta,Arnau,Alliance National Municipal Income Fund Inc
Evangelio,Rachida,Alliance National Municipal Income Fund Inc
Lorenzo,Josep,iShares 20+ Year Treasury Bond ETF
El Baroudi,Agueda,iShares 20+ Year Treasury Bond ETF
Sierra,Pau,iShares 20+ Year Treasury Bond ETF
Gabirondo,Helena,iShares 20+ Year Treasury Bond ETF
Roig,Pedro Manuel,iShares 20+ Year Treasury Bond ETF
Aguilar,Marc,Envision Healthcare Corporation
Zorrozua,Miriam,Envision Healthcare Corporation
Crespo,Jose Ignacio,Envision Healthcare Corporation
Alabort,Merce,Envision Healthcare Corporation
Galindo,Luciano,Envision Healthcare Corporation
Rey,Lucas,SQM - Pampa Blanca
Coruña,Erica,SQM - Pampa Blanca
Rey,Lucas,SQM - Pampa Blanca
Revollo,Ines Maria,SQM - Pampa Blanca
Piñero,Jose Eduardo,SQM - Pampa Blanca
Flores,Agustin,Lomas Bayas
Andronache,Maria Sol,Lomas Bayas
Miralles,Patricio,Lomas Bayas
Figueroa,Pablo Jose,Lomas Bayas
Solis,Fabian,"FairPoint Communications, Inc."
Nodal,Amelia,"FairPoint Communications, Inc."
Sanchez Rey,Yanira,"FairPoint Communications, Inc."
Guijarro,Aquilino,"FairPoint Communications, Inc."
Mije,Mercedes,Arlington Asset Investment Corp
Asensio,Jose Andres,Arlington Asset Investment Corp
Esteruelas,Sandra Maria,Arlington Asset Investment Corp
Soria,Amador,Arlington Asset Investment Corp
Ventura,Camilo,Andina
Zuriarrain,Miren,Andina
Polo,Modesto,Andina
Villamañan,Antonia,Andina
Marco,Ferran,Andina
Palacios,Christian,Celite - Carol
Villagarcia,Maria Consolacion,Celite - Carol
Galvez,Unai,Celite - Carol
Herrmann,Irene,Celite - Carol
Cordero,Guillem,Tekla Healthcare Opportunies Fund
Villanueva,Carlos Alberto,Tekla Healthcare Opportunies Fund
Muñiz,Luis Enrique,American Homes 4 Rent
Bayot,Roser,American Homes 4 Rent
Beltran,Fermin,American Homes 4 Rent
Yudego,Melania,American Homes 4 Rent
Polo,Modesto,American Homes 4 Rent
Carbonell,Luis Javier,"support.com, Inc."
Amezua,Maria Jesus,"support.com, Inc."
Hamido,Maria Azucena,"support.com, Inc."
Martinez,David,"support.com, Inc."
Alfaro,Yago,Nuveen Floating Rate Income Fund
Alfaro,Yago,Nuveen Floating Rate Income Fund
Conill,Ana Cristina,Nuveen Floating Rate Income Fund
Sole,Hamid,"Hurco Companies, Inc."
Hernansaiz,Rosa Ana,"Hurco Companies, Inc."
Burgos,Aleix,"Hurco Companies, Inc."
Montala,Maria Rosa,"Hurco Companies, Inc."
Chen,Saturnino,"Hurco Companies, Inc."
Djalo,Ariadna,"Littelfuse, Inc."
Arenas,Rogelio,"Littelfuse, Inc."
Fraile,Marius,"Littelfuse, Inc."
Morillo,Hipolito,Kraton Corporation
Arillo,Marta Maria,Kraton Corporation
Kanoute,Monserrat,Kraton Corporation
Pla,Urbano,Kraton Corporation
Pinto,Marcial,Applied DNA Sciences Inc
Hernansaiz,Rosa Ana,Applied DNA Sciences Inc
Salcedo,Carlos Antonio,Applied DNA Sciences Inc
Alvarez,Jose Manuel,Blackstone GSO Long Short Credit Income Fund
Laviana,Avelina,Blackstone GSO Long Short Credit Income Fund
Iso,Rufina,Blackstone GSO Long Short Credit Income Fund
Jorge,Bilal,Blackstone GSO Long Short Credit Income Fund
Abad,Omar,"Chegg, Inc."
Monis,Estefania,"Chegg, Inc."
Vargas,Aitor,"Chegg, Inc."
Dilme,Judit,"Chegg, Inc."
Carrera,Jose Fernando,"Chegg, Inc."
Re,Salma,"Vectrus, Inc."
Andres,Manuel Jesus,"Vectrus, Inc."
Chelaru,Maria Mar,"Vectrus, Inc."
Angulo,Marcel,"Vectrus, Inc."
Martos,Gorka,Yahoo! Inc.
Eriksson,Micaela,Yahoo! Inc.
Peña,Julio,Yahoo! Inc.
Schulze,Candida,Yahoo! Inc.
Vega,Gabriel,Yahoo! Inc.
Gil Ortega,Benedicta,CVS Health Corporation
Rico,Aurelio,CVS Health Corporation
Dobrev,Silvia,CVS Health Corporation
Gimenez,Nicolas,"Commerce Bancshares, Inc."
Rina,Maria Dolors,"Commerce Bancshares, Inc."
Juan,Izan,"Commerce Bancshares, Inc."
Luna,Justo,"Commerce Bancshares, Inc."
Duarte,Biel,"Sarepta Therapeutics, Inc."
Batalle,Sheila,"Sarepta Therapeutics, Inc."
Chen,Saturnino,"Sarepta Therapeutics, Inc."
Costa,Pol,"Sarepta Therapeutics, Inc."
Dorado,Higinio,Romeral
Tsvetkov,Flora,Romeral
Rostoll,Iris,Romeral
Moral,Oliver,Romeral
Tena,Augusto,Texas Pacific Land Trust
Roman,Gregorio,Texas Pacific Land Trust
Barrios,Raimundo,Texas Pacific Land Trust
Velazquez,Antonio Luis,Esterline Technologies Corporation
Pizarro,Markel,Esterline Technologies Corporation
Sambola,Otilia,Esterline Technologies Corporation
Ortega,Juan Antonio,Esterline Technologies Corporation
Chen,Saturnino,Silicon Motion Technology Corporation
Liriano,Amaya,Silicon Motion Technology Corporation
Naranjo,Mustapha,Silicon Motion Technology Corporation
Canelles,Arantxa,Silicon Motion Technology Corporation
Varela,Sergi,Ceragon Networks Ltd.
Eriksson,Micaela,Ceragon Networks Ltd.
Valle,Damian,Ceragon Networks Ltd.
Mecinas,Aicha,Ceragon Networks Ltd.
Velez,Abdelaziz,Ceragon Networks Ltd.
Ortega,Juan Antonio,"MiMedx Group, Inc"
Lanseros,Guadalupe,"MiMedx Group, Inc"
Barreiro,Cipriano,"MiMedx Group, Inc"
Sainz,Jose Rafael,"MiMedx Group, Inc"
Abarrategui,Sandra,La Pepa
Barroso,Rachid,La Pepa
Escarra,Beatriz,La Pepa
Sierra,Pau,La Pepa
Dos Santos,Juan David,Jerónimo
Ardao,Luz Marina,Jerónimo
Leach,Antonia Maria,Jerónimo
Pino,Roberto Carlos,Jerónimo
Domingo,Claudio,Sierra Gorda
Salon,Lara,Sierra Gorda
Palomo,Bernardino,Sierra Gorda
Gamez,Ibai,Sierra Gorda
Olmedo,Peter,"Waste Management, Inc."
Yudego,Melania,"Waste Management, Inc."
Nieto,Gonzalo,"Waste Management, Inc."
Suarez,Ramon,"Waste Management, Inc."
Miralles,Patricio,Andes Travertine
Moyano,Ayoub,Andes Travertine
Zorrozua,Miriam,Andes Travertine
Soria,Amador,Andes Travertine
Galvan,Norberto,Eagle Bulk Shipping Inc.
Lascu,Vicenta,Eagle Bulk Shipping Inc.
Criado,Karim,Eagle Bulk Shipping Inc.
Pegueroles,Celestina,Eagle Bulk Shipping Inc.
Pavon,Gumersindo,Eagle Bulk Shipping Inc.
Alcala,Ceferino,SQM - Nueva Victoria
Renes,Inocencia,SQM - Nueva Victoria
Arevalo,Muhammad,SQM - Nueva Victoria
Cabau,Piedad,SQM - Nueva Victoria
Rodriguez,Manuel,SQM - Nueva Victoria
Cuenca,Ion,"Dupont Fabros Technology, Inc."
Vaquero,Mihai,"Dupont Fabros Technology, Inc."
Fuentes,Felix,"Dupont Fabros Technology, Inc."
Rojas,Eugenio,Brookfield Global Listed Infrastructure Income Fund
Naim,Africa,Brookfield Global Listed Infrastructure Income Fund
Aparicio,Eloy,Brookfield Global Listed Infrastructure Income Fund
Canelles,Arantxa,Brookfield Global Listed Infrastructure Income Fund
Gutierrez,Miguel Angel,Brookfield Global Listed Infrastructure Income Fund
Cobos,Pedro Pablo,"Impax Laboratories, Inc."
Lanseros,Guadalupe,"Impax Laboratories, Inc."
Lopez,Juan,"Impax Laboratories, Inc."
Mañeru,Angeles,"Impax Laboratories, Inc."
Velasco,Jose Francisco,"Everspin Technologies, Inc."
Baumann,Patricia,"Everspin Technologies, Inc."
Castellanos,Brian,"Everspin Technologies, Inc."
Murillo,Faustino,Ministro Hales
Pastor,Victor Manuel,Ministro Hales
Linaje,Davinia,Ministro Hales
Carretero,Constantino,SQM - Yumbes
Valdes,Driss,SQM - Yumbes
Barrera,Jose Joaquin,SQM - Yumbes
Capellades,Marcelina,Nabriva Therapeutics AG
Hernandez,Daniel,Nabriva Therapeutics AG
Aumente,Ainhoa,Nabriva Therapeutics AG
Ramon,Francisco Antonio,Nabriva Therapeutics AG
Zapata,Erik,"OraSure Technologies, Inc."
Lalana,Maria Nieves,"OraSure Technologies, Inc."
Ferrer,Sebastian,Radomiro Tomic
Paredes,Juan Bautista,Radomiro Tomic
Carabaño,Natividad,Radomiro Tomic
Ordoñez,Vasile,Radomiro Tomic
Chaves,Jose Jesus,PrimeEnergy Corporation
Holt,Monica,PrimeEnergy Corporation
Gangoso,Tania,PrimeEnergy Corporation
Gimeno,Ioan,PrimeEnergy Corporation
Pereira,Mikel,TICC Capital Corp.
Peyro,Laila,TICC Capital Corp.
Clemente,Juan Dios,TICC Capital Corp.
Tricio,Elena,TICC Capital Corp.
Salcedo,Carlos Antonio,TICC Capital Corp.
Cardenas,Manuel Jose,"Pinnacle Financial Partners, Inc."
Merelas,Nagore,"Pinnacle Financial Partners, Inc."
Caceres,Leandro,"Pinnacle Financial Partners, Inc."
Paulet,Delfina,"Pinnacle Financial Partners, Inc."
Contreras,Joel,"Pinnacle Financial Partners, Inc."
Barrio,Hamza,"HCA Healthcare, Inc."
Avellana,Maria Concepcion,"HCA Healthcare, Inc."
Pena,Juan Fernando,"HCA Healthcare, Inc."
Amaya,Maximiliano,"HCA Healthcare, Inc."
Tabuyo,Maria Prado,Kopin Corporation
Catalan,Nil,Kopin Corporation
Urabayen,Loreto,Kopin Corporation
Barrio,Hamza,Kopin Corporation
Falcon,Celso,"Commercial Vehicle Group, Inc."
Crusat,Leire,"Commercial Vehicle Group, Inc."
Medina,Ruben,"Commercial Vehicle Group, Inc."
Blaj,Regina,"Commercial Vehicle Group, Inc."
Mendez,Alfonso,Can Can
Rodao,Agustina,Can Can
Villa,Jairo,Can Can
Kausar,Elisabet,Can Can
Palma,Joseba,Can Can
Simon,Juan Ignacio,"The Travelers Companies, Inc."
Zamora,Gustavo,"The Travelers Companies, Inc."
Cerron,Debora,"The Travelers Companies, Inc."
Duñabeitia,Estrella,BlackRock Municipal Target Term Trust Inc. (The)
Vela,Clemente,BlackRock Municipal Target Term Trust Inc. (The)
Lup,Maria Trinidad,BlackRock Municipal Target Term Trust Inc. (The)
Costa,Pol,BlackRock Municipal Target Term Trust Inc. (The)
Guerra,Pascual,Quebrada Blanca
Gorbea,Itziar,Quebrada Blanca
Casas,Jon,CMP - Cerro Negro Norte
Rosino,Rosa,CMP - Cerro Negro Norte
De Miguel,Victor Jose,CMP - Cerro Negro Norte
Batalle,Sheila,CMP - Cerro Negro Norte
Singh,Iago,CMP - Cerro Negro Norte
Cabrera,Tomas,Nuveen Energy MLP Total Return Fund
Perruca,Irati,Nuveen Energy MLP Total Return Fund
Sala,Juan Alberto,Nuveen Energy MLP Total Return Fund
Manzano,Jose Enrique,Global Partner Acquisition Corp.
Dumbrava,Fabiola,Global Partner Acquisition Corp.
Carrasco,Jose Ramon,Global Partner Acquisition Corp.
Huertas,Jose Pedro,Global Partner Acquisition Corp.
Cuenca,Ion,3M Company
Rodriguez Bobada,Purificacion,3M Company
Apostu,Jennifer,3M Company
De La Torre,Marco,3M Company
Cotaina,Isabel Maria,La Productora
Ruiz,Carlos,La Productora
De La Prida,Visitacion,La Productora
Leal,Edgar,Cerro Imán
Velazquez,Antonio Luis,Cerro Imán
Caton,Remedios,Cerro Imán
Perez,Jose Luis,SQM - María Elena
Auria,Eva Maria,SQM - María Elena
De La Cruz,Serafin,SQM - María Elena
Campos,Guillermo,"Biocept, Inc."
Bedialauneta,Pilar,"Biocept, Inc."
Tolos,Engracia,"Biocept, Inc."
Bartolome,Marcos Antonio,Cummins Inc.
Matanza,Diana,Cummins Inc.
Triado,Ana Rosa,Cummins Inc.
Ferrero,Juan Gabriel,Cummins Inc.
Requena,Basilio,"Arista Networks, Inc."
Miteva,Maria Cruz,"Arista Networks, Inc."
Blazquez,Iñaki,"Arista Networks, Inc."
Garzon,Aziz,"ILG, Inc"
Camuña,Silvia Maria,"ILG, Inc"
Salguero,Ibon,"ILG, Inc"
Bahri,Maria Encarnacion,"ILG, Inc"
Hidalgo,Cristian,Lambert
Relloso,Alfonsa,Lambert
Sainz,Jose Rafael,Lambert
Diaz Campo,Macarena,Lambert
Paez,Ibrahim,Lambert
Velasco,Jose Francisco,Caleta El Cobre
Rodriguez Peral,Anabel,Caleta El Cobre
Mañeru,Angeles,Caleta El Cobre
Manzano,Jose Enrique,Caleta El Cobre
Alcantara,Ian,Fertón
Chahlal,Magdalena,Fertón
Arjona,Bonifacio,Fertón
Arabaolaza,Samira,Fertón
Saavedra,Juan Andres,Fertón
Villegas,Feliciano,Moog Inc.
Corado,Maria Eugenia,Moog Inc.
Sainz,Jose Rafael,Moog Inc.
Ballester,Narciso,"LM Funding America, Inc."
Maset,Paola,"LM Funding America, Inc."
Llorens,Inocencio,"LM Funding America, Inc."
Ariznabarreta,Alicia,"LM Funding America, Inc."
Tapia,Octavio,"LM Funding America, Inc."
Sora,Mariona,"PrivateBancorp, Inc."
Guerrero,Jaime,"PrivateBancorp, Inc."
Leon,Emilio,"PrivateBancorp, Inc."
Cotaina,Isabel Maria,Coirón
Sanandres,Eva,Coirón
Maldonado,Said,Coirón
Vives,Viorel,Microsemi Corporation
Aomar,Petra,Microsemi Corporation
Paz,Joaquim,Microsemi Corporation
Meno,Maria Socorro,Microsemi Corporation
Vidal,Jordi,Microsemi Corporation
Aznar,Dumitru,Zion Oil & Gas Inc
Arjona,Bonifacio,Zion Oil & Gas Inc
Rubio,Adrian,Zion Oil & Gas Inc
Solis,Fabian,"Western Refining Logistics, LP"
Zuheros,Maria Estrella,"Western Refining Logistics, LP"
Salguero,Ibon,"Western Refining Logistics, LP"
Montoya,Xabier,"Western Refining Logistics, LP"
Tomas,Marco Antonio,"Sierra Oncology, Inc."
Herranz,Jesus Antonio,"Sierra Oncology, Inc."
Fabero,Isidora,"Sierra Oncology, Inc."
Perez,Jose Luis,"Sierra Oncology, Inc."
Mollo,Salud,Dos Amigos
Valle,Damian,Dos Amigos
Anguix,Maria Amparo,Dos Amigos
Ojeda,Avelino,Dos Amigos
Valdes,Driss,Abeona Therapeutics Inc.
Ardoy,Noemi,Abeona Therapeutics Inc.
Vera,Francisco Manuel,Merus Labs International Inc.
Bonamusa,Ingrid,Merus Labs International Inc.
Singh,Iago,Merus Labs International Inc.
Justes,Maria Josefa,Merus Labs International Inc.
Lara,Borja,Merus Labs International Inc.
Galvez,Unai,First Trust Multi-Asset Diversified Income Index Fund
Merello,Alexia,First Trust Multi-Asset Diversified Income Index Fund
Serrano,Juan Carlos,First Trust Multi-Asset Diversified Income Index Fund
Irun,Maite,First Trust Multi-Asset Diversified Income Index Fund
Lizundia,Lorenza,Imax Corporation
Gallego,Mario,Imax Corporation
El Mahi,Filomena,Imax Corporation
Villanueva,Carlos Alberto,Imax Corporation
Mateo,Antonio Manuel,"H&R Block, Inc."
Saladie,Laura Maria,"H&R Block, Inc."
Mitu,Rafaela,"H&R Block, Inc."
Ayala,Hilario,Northrop Grumman Corporation
Sellers,Lola,Northrop Grumman Corporation
Mata,Luis Angel,Northrop Grumman Corporation
Jaramago,Luisa,Northrop Grumman Corporation
Rebollo,John,Northrop Grumman Corporation
De La Fuente,Kevin,Diana Shipping inc.
Pelado,Isabel,Diana Shipping inc.
Peña,Julio,Diana Shipping inc.
Liquete,Maria Montserrat,Diana Shipping inc.
Cardona,Cesareo,"Spark Energy, Inc."
De Salas,Maria Auxiliadora,"Spark Energy, Inc."
Segura,Benito,"Spark Energy, Inc."
